'object1','object2',on,holding,ecost_level0,ecost_level1,ecost_level2,ecost_level3,ecost_level4,ecost_level5,ecost_level6,ecost_level7,ecost_level8,ecost_level9
'b0','b0',0,0,0,0,0,0,0,0,0,0,0,0
'b0','b1',0,0,0,0,0,0,0,0,0,0,0,0
'b0','b2',0,0,0,0,0,0,0,0,0,0,0,0
'b0','b3',0,0,0,0,0,0,0,0,0,0,0,0
'b0','b4',0,0,0,0,0,0,0,0,0,0,0,0
'b0','h0',0,0,0,0,0,0,0,0,0,0,0,0
'b0','h1',0,0,0,0,0,0,0,0,0,0,0,0
'b0','level11',0,0,0,0,0,0,0,0,0,0,0,0
'b0','level12',0,0,0,0,0,0,0,0,0,0,0,0
'b0','level13',0,0,0,0,0,0,0,0,0,0,0,0
'b0','level14',0,0,0,0,0,0,0,0,0,0,0,0
'b0','level15',0,0,0,0,0,0,0,0,0,0,0,0
'b0','level16',0,0,0,0,0,0,0,0,0,0,0,0
'b0','level17',0,0,0,0,0,0,0,0,0,0,0,0
'b0','level18',0,0,0,0,0,0,0,0,0,0,0,0
'b0','level19',0,0,0,0,0,0,0,0,0,0,0,0
'b0','level20',0,0,0,0,0,0,0,0,0,0,0,0
'b0','level21',0,0,0,0,0,0,0,0,0,0,0,0
'b0','level22',0,0,0,0,0,0,0,0,0,0,0,0
'b0','level23',0,0,0,0,0,0,0,0,0,0,0,0
'b0','level24',0,0,0,0,0,0,0,0,0,0,0,0
'b0','level25',0,0,0,0,0,0,0,0,0,0,0,0
'b0','level26',0,0,0,0,0,0,0,0,0,0,0,0
'b0','level27',0,0,0,0,0,0,0,0,0,0,0,0
'b0','level28',0,0,0,0,0,0,0,0,0,0,0,0
'b0','level29',0,0,0,0,0,0,0,0,0,0,0,0
'b0','level30',0,0,0,0,0,0,0,0,0,0,0,0
'b0','level31',0,0,0,0,0,0,0,0,0,0,0,0
'b0','level32',0,0,0,0,0,0,0,0,0,0,0,0
'b0','level33',0,0,0,0,0,0,0,0,0,0,0,0
'b0','level34',0,0,0,0,0,0,0,0,0,0,0,0
'b0','level35',0,0,0,0,0,0,0,0,0,0,0,0
'b0','level36',0,0,0,0,0,0,0,0,0,0,0,0
'b0','level37',0,0,0,0,0,0,0,0,0,0,0,0
'b0','level38',0,0,0,0,0,0,0,0,0,0,0,0
'b0','level39',0,0,0,0,0,0,0,0,0,0,0,0
'b0','level0',0,0,0,0,0,0,0,0,0,0,0,0
'b0','level1',0,0,0,0,0,0,0,0,0,0,0,0
'b0','level2',0,0,0,0,0,0,0,0,0,0,0,0
'b0','level3',0,0,0,0,0,0,0,0,0,0,0,0
'b0','level4',0,0,0,0,0,0,0,0,0,0,0,0
'b0','level5',0,0,0,0,0,0,0,0,0,0,0,0
'b0','level6',0,0,0,0,0,0,0,0,0,0,0,0
'b0','level7',0,0,0,0,0,0,0,0,0,0,0,0
'b0','level8',0,0,0,0,0,0,0,0,0,0,0,0
'b0','level9',0,0,0,0,0,0,0,0,0,0,0,0
'b0','level10',0,0,0,0,0,0,0,0,0,0,0,0
'b1','b0',1,0,0,0,0,0,0,0,0,0,0,0
'b1','b1',0,0,0,0,0,0,0,0,0,0,0,0
'b1','b2',0,0,0,0,0,0,0,0,0,0,0,0
'b1','b3',0,0,0,0,0,0,0,0,0,0,0,0
'b1','b4',0,0,0,0,0,0,0,0,0,0,0,0
'b1','h0',0,0,0,0,0,0,0,0,0,0,0,0
'b1','h1',0,0,0,0,0,0,0,0,0,0,0,0
'b1','level11',0,0,0,0,0,0,0,0,0,0,0,0
'b1','level12',0,0,0,0,0,0,0,0,0,0,0,0
'b1','level13',0,0,0,0,0,0,0,0,0,0,0,0
'b1','level14',0,0,0,0,0,0,0,0,0,0,0,0
'b1','level15',0,0,0,0,0,0,0,0,0,0,0,0
'b1','level16',0,0,0,0,0,0,0,0,0,0,0,0
'b1','level17',0,0,0,0,0,0,0,0,0,0,0,0
'b1','level18',0,0,0,0,0,0,0,0,0,0,0,0
'b1','level19',0,0,0,0,0,0,0,0,0,0,0,0
'b1','level20',0,0,0,0,0,0,0,0,0,0,0,0
'b1','level21',0,0,0,0,0,0,0,0,0,0,0,0
'b1','level22',0,0,0,0,0,0,0,0,0,0,0,0
'b1','level23',0,0,0,0,0,0,0,0,0,0,0,0
'b1','level24',0,0,0,0,0,0,0,0,0,0,0,0
'b1','level25',0,0,0,0,0,0,0,0,0,0,0,0
'b1','level26',0,0,0,0,0,0,0,0,0,0,0,0
'b1','level27',0,0,0,0,0,0,0,0,0,0,0,0
'b1','level28',0,0,0,0,0,0,0,0,0,0,0,0
'b1','level29',0,0,0,0,0,0,0,0,0,0,0,0
'b1','level30',0,0,0,0,0,0,0,0,0,0,0,0
'b1','level31',0,0,0,0,0,0,0,0,0,0,0,0
'b1','level32',0,0,0,0,0,0,0,0,0,0,0,0
'b1','level33',0,0,0,0,0,0,0,0,0,0,0,0
'b1','level34',0,0,0,0,0,0,0,0,0,0,0,0
'b1','level35',0,0,0,0,0,0,0,0,0,0,0,0
'b1','level36',0,0,0,0,0,0,0,0,0,0,0,0
'b1','level37',0,0,0,0,0,0,0,0,0,0,0,0
'b1','level38',0,0,0,0,0,0,0,0,0,0,0,0
'b1','level39',0,0,0,0,0,0,0,0,0,0,0,0
'b1','level0',0,0,0,0,0,0,0,0,0,0,0,0
'b1','level1',0,0,0,0,0,0,0,0,0,0,0,0
'b1','level2',0,0,0,0,0,0,0,0,0,0,0,0
'b1','level3',0,0,0,0,0,0,0,0,0,0,0,0
'b1','level4',0,0,0,0,0,0,0,0,0,0,0,0
'b1','level5',0,0,0,0,0,0,0,0,0,0,0,0
'b1','level6',0,0,0,0,0,0,0,0,0,0,0,0
'b1','level7',0,0,0,0,0,0,0,0,0,0,0,0
'b1','level8',0,0,0,0,0,0,0,0,0,0,0,0
'b1','level9',0,0,0,0,0,0,0,0,0,0,0,0
'b1','level10',0,0,0,0,0,0,0,0,0,0,0,0
'b2','b0',0,0,0,0,0,0,0,0,0,0,0,0
'b2','b1',1,0,0,0,0,0,0,0,0,0,0,0
'b2','b2',0,0,0,0,0,0,0,0,0,0,0,0
'b2','b3',0,0,0,0,0,0,0,0,0,0,0,0
'b2','b4',0,0,0,0,0,0,0,0,0,0,0,0
'b2','h0',0,0,0,0,0,0,0,0,0,0,0,0
'b2','h1',0,0,0,0,0,0,0,0,0,0,0,0
'b2','level11',0,0,0,0,0,0,0,0,0,0,0,0
'b2','level12',0,0,0,0,0,0,0,0,0,0,0,0
'b2','level13',0,0,0,0,0,0,0,0,0,0,0,0
'b2','level14',0,0,0,0,0,0,0,0,0,0,0,0
'b2','level15',0,0,0,0,0,0,0,0,0,0,0,0
'b2','level16',0,0,0,0,0,0,0,0,0,0,0,0
'b2','level17',0,0,0,0,0,0,0,0,0,0,0,0
'b2','level18',0,0,0,0,0,0,0,0,0,0,0,0
'b2','level19',0,0,0,0,0,0,0,0,0,0,0,0
'b2','level20',0,0,0,0,0,0,0,0,0,0,0,0
'b2','level21',0,0,0,0,0,0,0,0,0,0,0,0
'b2','level22',0,0,0,0,0,0,0,0,0,0,0,0
'b2','level23',0,0,0,0,0,0,0,0,0,0,0,0
'b2','level24',0,0,0,0,0,0,0,0,0,0,0,0
'b2','level25',0,0,0,0,0,0,0,0,0,0,0,0
'b2','level26',0,0,0,0,0,0,0,0,0,0,0,0
'b2','level27',0,0,0,0,0,0,0,0,0,0,0,0
'b2','level28',0,0,0,0,0,0,0,0,0,0,0,0
'b2','level29',0,0,0,0,0,0,0,0,0,0,0,0
'b2','level30',0,0,0,0,0,0,0,0,0,0,0,0
'b2','level31',0,0,0,0,0,0,0,0,0,0,0,0
'b2','level32',0,0,0,0,0,0,0,0,0,0,0,0
'b2','level33',0,0,0,0,0,0,0,0,0,0,0,0
'b2','level34',0,0,0,0,0,0,0,0,0,0,0,0
'b2','level35',0,0,0,0,0,0,0,0,0,0,0,0
'b2','level36',0,0,0,0,0,0,0,0,0,0,0,0
'b2','level37',0,0,0,0,0,0,0,0,0,0,0,0
'b2','level38',0,0,0,0,0,0,0,0,0,0,0,0
'b2','level39',0,0,0,0,0,0,0,0,0,0,0,0
'b2','level0',0,0,0,0,0,0,0,0,0,0,0,0
'b2','level1',0,0,0,0,0,0,0,0,0,0,0,0
'b2','level2',0,0,0,0,0,0,0,0,0,0,0,0
'b2','level3',0,0,0,0,0,0,0,0,0,0,0,0
'b2','level4',0,0,0,0,0,0,0,0,0,0,0,0
'b2','level5',0,0,0,0,0,0,0,0,0,0,0,0
'b2','level6',0,0,0,0,0,0,0,0,0,0,0,0
'b2','level7',0,0,0,0,0,0,0,0,0,0,0,0
'b2','level8',0,0,0,0,0,0,0,0,0,0,0,0
'b2','level9',0,0,0,0,0,0,0,0,0,0,0,0
'b2','level10',0,0,0,0,0,0,0,0,0,0,0,0
'b3','b0',0,0,0,0,0,0,0,0,0,0,0,0
'b3','b1',0,0,0,0,0,0,0,0,0,0,0,0
'b3','b2',1,0,0,0,0,0,0,0,0,0,0,0
'b3','b3',0,0,0,0,0,0,0,0,0,0,0,0
'b3','b4',0,0,0,0,0,0,0,0,0,0,0,0
'b3','h0',0,0,0,0,0,0,0,0,0,0,0,0
'b3','h1',0,0,0,0,0,0,0,0,0,0,0,0
'b3','level11',0,0,0,0,0,0,0,0,0,0,0,0
'b3','level12',0,0,0,0,0,0,0,0,0,0,0,0
'b3','level13',0,0,0,0,0,0,0,0,0,0,0,0
'b3','level14',0,0,0,0,0,0,0,0,0,0,0,0
'b3','level15',0,0,0,0,0,0,0,0,0,0,0,0
'b3','level16',0,0,0,0,0,0,0,0,0,0,0,0
'b3','level17',0,0,0,0,0,0,0,0,0,0,0,0
'b3','level18',0,0,0,0,0,0,0,0,0,0,0,0
'b3','level19',0,0,0,0,0,0,0,0,0,0,0,0
'b3','level20',0,0,0,0,0,0,0,0,0,0,0,0
'b3','level21',0,0,0,0,0,0,0,0,0,0,0,0
'b3','level22',0,0,0,0,0,0,0,0,0,0,0,0
'b3','level23',0,0,0,0,0,0,0,0,0,0,0,0
'b3','level24',0,0,0,0,0,0,0,0,0,0,0,0
'b3','level25',0,0,0,0,0,0,0,0,0,0,0,0
'b3','level26',0,0,0,0,0,0,0,0,0,0,0,0
'b3','level27',0,0,0,0,0,0,0,0,0,0,0,0
'b3','level28',0,0,0,0,0,0,0,0,0,0,0,0
'b3','level29',0,0,0,0,0,0,0,0,0,0,0,0
'b3','level30',0,0,0,0,0,0,0,0,0,0,0,0
'b3','level31',0,0,0,0,0,0,0,0,0,0,0,0
'b3','level32',0,0,0,0,0,0,0,0,0,0,0,0
'b3','level33',0,0,0,0,0,0,0,0,0,0,0,0
'b3','level34',0,0,0,0,0,0,0,0,0,0,0,0
'b3','level35',0,0,0,0,0,0,0,0,0,0,0,0
'b3','level36',0,0,0,0,0,0,0,0,0,0,0,0
'b3','level37',0,0,0,0,0,0,0,0,0,0,0,0
'b3','level38',0,0,0,0,0,0,0,0,0,0,0,0
'b3','level39',0,0,0,0,0,0,0,0,0,0,0,0
'b3','level0',0,0,0,0,0,0,0,0,0,0,0,0
'b3','level1',0,0,0,0,0,0,0,0,0,0,0,0
'b3','level2',0,0,0,0,0,0,0,0,0,0,0,0
'b3','level3',0,0,0,0,0,0,0,0,0,0,0,0
'b3','level4',0,0,0,0,0,0,0,0,0,0,0,0
'b3','level5',0,0,0,0,0,0,0,0,0,0,0,0
'b3','level6',0,0,0,0,0,0,0,0,0,0,0,0
'b3','level7',0,0,0,0,0,0,0,0,0,0,0,0
'b3','level8',0,0,0,0,0,0,0,0,0,0,0,0
'b3','level9',0,0,0,0,0,0,0,0,0,0,0,0
'b3','level10',0,0,0,0,0,0,0,0,0,0,0,0
'b4','b0',0,0,0,0,0,0,0,0,0,0,0,0
'b4','b1',0,0,0,0,0,0,0,0,0,0,0,0
'b4','b2',0,0,0,0,0,0,0,0,0,0,0,0
'b4','b3',1,0,0,0,0,0,0,0,0,0,0,0
'b4','b4',0,0,0,0,0,0,0,0,0,0,0,0
'b4','h0',0,0,0,0,0,0,0,0,0,0,0,0
'b4','h1',0,0,0,0,0,0,0,0,0,0,0,0
'b4','level11',0,0,0,0,0,0,0,0,0,0,0,0
'b4','level12',0,0,0,0,0,0,0,0,0,0,0,0
'b4','level13',0,0,0,0,0,0,0,0,0,0,0,0
'b4','level14',0,0,0,0,0,0,0,0,0,0,0,0
'b4','level15',0,0,0,0,0,0,0,0,0,0,0,0
'b4','level16',0,0,0,0,0,0,0,0,0,0,0,0
'b4','level17',0,0,0,0,0,0,0,0,0,0,0,0
'b4','level18',0,0,0,0,0,0,0,0,0,0,0,0
'b4','level19',0,0,0,0,0,0,0,0,0,0,0,0
'b4','level20',0,0,0,0,0,0,0,0,0,0,0,0
'b4','level21',0,0,0,0,0,0,0,0,0,0,0,0
'b4','level22',0,0,0,0,0,0,0,0,0,0,0,0
'b4','level23',0,0,0,0,0,0,0,0,0,0,0,0
'b4','level24',0,0,0,0,0,0,0,0,0,0,0,0
'b4','level25',0,0,0,0,0,0,0,0,0,0,0,0
'b4','level26',0,0,0,0,0,0,0,0,0,0,0,0
'b4','level27',0,0,0,0,0,0,0,0,0,0,0,0
'b4','level28',0,0,0,0,0,0,0,0,0,0,0,0
'b4','level29',0,0,0,0,0,0,0,0,0,0,0,0
'b4','level30',0,0,0,0,0,0,0,0,0,0,0,0
'b4','level31',0,0,0,0,0,0,0,0,0,0,0,0
'b4','level32',0,0,0,0,0,0,0,0,0,0,0,0
'b4','level33',0,0,0,0,0,0,0,0,0,0,0,0
'b4','level34',0,0,0,0,0,0,0,0,0,0,0,0
'b4','level35',0,0,0,0,0,0,0,0,0,0,0,0
'b4','level36',0,0,0,0,0,0,0,0,0,0,0,0
'b4','level37',0,0,0,0,0,0,0,0,0,0,0,0
'b4','level38',0,0,0,0,0,0,0,0,0,0,0,0
'b4','level39',0,0,0,0,0,0,0,0,0,0,0,0
'b4','level0',0,0,0,0,0,0,0,0,0,0,0,0
'b4','level1',0,0,0,0,0,0,0,0,0,0,0,0
'b4','level2',0,0,0,0,0,0,0,0,0,0,0,0
'b4','level3',0,0,0,0,0,0,0,0,0,0,0,0
'b4','level4',0,0,0,0,0,0,0,0,0,0,0,0
'b4','level5',0,0,0,0,0,0,0,0,0,0,0,0
'b4','level6',0,0,0,0,0,0,0,0,0,0,0,0
'b4','level7',0,0,0,0,0,0,0,0,0,0,0,0
'b4','level8',0,0,0,0,0,0,0,0,0,0,0,0
'b4','level9',0,0,0,0,0,0,0,0,0,0,0,0
'b4','level10',0,0,0,0,0,0,0,0,0,0,0,0
'h0','b0',0,0,0,0,0,0,0,0,1,1,1,0
'h0','b1',0,0,0,0,0,0,0,0,1,1,1,0
'h0','b2',0,0,0,0,0,0,0,1,1,1,0,0
'h0','b3',0,0,0,0,0,0,0,1,1,1,0,0
'h0','b4',0,0,0,0,0,0,0,0,1,1,1,0
'h0','h0',0,0,0,0,0,0,0,0,0,0,0,0
'h0','h1',0,0,0,0,0,0,0,0,0,0,0,0
'h0','level11',0,0,0,0,0,0,0,0,0,0,0,0
'h0','level12',0,0,0,0,0,0,0,0,0,0,0,0
'h0','level13',0,0,0,0,0,0,0,0,0,0,0,0
'h0','level14',0,0,0,0,0,0,0,0,0,0,0,0
'h0','level15',0,0,0,0,0,0,0,0,0,0,0,0
'h0','level16',0,0,0,0,0,0,0,0,0,0,0,0
'h0','level17',0,0,0,0,0,0,0,0,0,0,0,0
'h0','level18',0,0,0,0,0,0,0,0,0,0,0,0
'h0','level19',0,0,0,0,0,0,0,0,0,0,0,0
'h0','level20',0,0,0,0,0,0,0,0,0,0,0,0
'h0','level21',0,0,0,0,0,0,0,0,0,0,0,0
'h0','level22',0,0,0,0,0,0,0,0,0,0,0,0
'h0','level23',0,0,0,0,0,0,0,0,0,0,0,0
'h0','level24',0,0,0,0,0,0,0,0,0,0,0,0
'h0','level25',0,0,0,0,0,0,0,0,0,0,0,0
'h0','level26',0,0,0,0,0,0,0,0,0,0,0,0
'h0','level27',0,0,0,0,0,0,0,0,0,0,0,0
'h0','level28',0,0,0,0,0,0,0,0,0,0,0,0
'h0','level29',0,0,0,0,0,0,0,0,0,0,0,0
'h0','level30',0,0,0,0,0,0,0,0,0,0,0,0
'h0','level31',0,0,0,0,0,0,0,0,0,0,0,0
'h0','level32',0,0,0,0,0,0,0,0,0,0,0,0
'h0','level33',0,0,0,0,0,0,0,0,0,0,0,0
'h0','level34',0,0,0,0,0,0,0,0,0,0,0,0
'h0','level35',0,0,0,0,0,0,0,0,0,0,0,0
'h0','level36',0,0,0,0,0,0,0,0,0,0,0,0
'h0','level37',0,0,0,0,0,0,0,0,0,0,0,0
'h0','level38',0,0,0,0,0,0,0,0,0,0,0,0
'h0','level39',0,0,0,0,0,0,0,0,0,0,0,0
'h0','level0',0,0,0,0,0,0,0,0,0,0,0,0
'h0','level1',0,0,0,0,0,0,0,0,0,0,0,0
'h0','level2',0,0,0,0,0,0,0,0,0,0,0,0
'h0','level3',0,0,0,0,0,0,0,0,0,0,0,0
'h0','level4',0,0,0,0,0,0,0,0,0,0,0,0
'h0','level5',0,0,0,0,0,0,0,0,0,0,0,0
'h0','level6',0,0,0,0,0,0,0,0,0,0,0,0
'h0','level7',0,0,0,0,0,0,0,0,0,0,0,0
'h0','level8',0,0,0,0,0,0,0,0,0,0,0,0
'h0','level9',0,0,0,0,0,0,0,0,0,0,0,0
'h0','level10',0,0,0,0,0,0,0,0,0,0,0,0
'h1','b0',0,0,0,0,1,1,1,0,0,0,0,0
'h1','b1',0,0,0,0,1,1,1,0,0,0,0,0
'h1','b2',0,0,0,1,1,1,0,0,0,0,0,0
'h1','b3',0,0,0,1,1,1,0,0,0,0,0,0
'h1','b4',0,0,0,0,1,1,1,0,0,0,0,0
'h1','h0',0,0,0,0,0,0,0,0,0,0,0,0
'h1','h1',0,0,0,0,0,0,0,0,0,0,0,0
'h1','level11',0,0,0,0,0,0,0,0,0,0,0,0
'h1','level12',0,0,0,0,0,0,0,0,0,0,0,0
'h1','level13',0,0,0,0,0,0,0,0,0,0,0,0
'h1','level14',0,0,0,0,0,0,0,0,0,0,0,0
'h1','level15',0,0,0,0,0,0,0,0,0,0,0,0
'h1','level16',0,0,0,0,0,0,0,0,0,0,0,0
'h1','level17',0,0,0,0,0,0,0,0,0,0,0,0
'h1','level18',0,0,0,0,0,0,0,0,0,0,0,0
'h1','level19',0,0,0,0,0,0,0,0,0,0,0,0
'h1','level20',0,0,0,0,0,0,0,0,0,0,0,0
'h1','level21',0,0,0,0,0,0,0,0,0,0,0,0
'h1','level22',0,0,0,0,0,0,0,0,0,0,0,0
'h1','level23',0,0,0,0,0,0,0,0,0,0,0,0
'h1','level24',0,0,0,0,0,0,0,0,0,0,0,0
'h1','level25',0,0,0,0,0,0,0,0,0,0,0,0
'h1','level26',0,0,0,0,0,0,0,0,0,0,0,0
'h1','level27',0,0,0,0,0,0,0,0,0,0,0,0
'h1','level28',0,0,0,0,0,0,0,0,0,0,0,0
'h1','level29',0,0,0,0,0,0,0,0,0,0,0,0
'h1','level30',0,0,0,0,0,0,0,0,0,0,0,0
'h1','level31',0,0,0,0,0,0,0,0,0,0,0,0
'h1','level32',0,0,0,0,0,0,0,0,0,0,0,0
'h1','level33',0,0,0,0,0,0,0,0,0,0,0,0
'h1','level34',0,0,0,0,0,0,0,0,0,0,0,0
'h1','level35',0,0,0,0,0,0,0,0,0,0,0,0
'h1','level36',0,0,0,0,0,0,0,0,0,0,0,0
'h1','level37',0,0,0,0,0,0,0,0,0,0,0,0
'h1','level38',0,0,0,0,0,0,0,0,0,0,0,0
'h1','level39',0,0,0,0,0,0,0,0,0,0,0,0
'h1','level0',0,0,0,0,0,0,0,0,0,0,0,0
'h1','level1',0,0,0,0,0,0,0,0,0,0,0,0
'h1','level2',0,0,0,0,0,0,0,0,0,0,0,0
'h1','level3',0,0,0,0,0,0,0,0,0,0,0,0
'h1','level4',0,0,0,0,0,0,0,0,0,0,0,0
'h1','level5',0,0,0,0,0,0,0,0,0,0,0,0
'h1','level6',0,0,0,0,0,0,0,0,0,0,0,0
'h1','level7',0,0,0,0,0,0,0,0,0,0,0,0
'h1','level8',0,0,0,0,0,0,0,0,0,0,0,0
'h1','level9',0,0,0,0,0,0,0,0,0,0,0,0
'h1','level10',0,0,0,0,0,0,0,0,0,0,0,0
'level11','b0',0,0,0,0,0,0,0,0,0,0,0,0
'level11','b1',0,0,0,0,0,0,0,0,0,0,0,0
'level11','b2',0,0,0,0,0,0,0,0,0,0,0,0
'level11','b3',0,0,0,0,0,0,0,0,0,0,0,0
'level11','b4',0,0,0,0,0,0,0,0,0,0,0,0
'level11','h0',0,0,0,0,0,0,0,0,0,0,0,0
'level11','h1',0,0,0,0,0,0,0,0,0,0,0,0
'level11','level11',0,0,0,0,0,0,0,0,0,0,0,0
'level11','level12',0,0,0,0,0,0,0,0,0,0,0,0
'level11','level13',0,0,0,0,0,0,0,0,0,0,0,0
'level11','level14',0,0,0,0,0,0,0,0,0,0,0,0
'level11','level15',0,0,0,0,0,0,0,0,0,0,0,0
'level11','level16',0,0,0,0,0,0,0,0,0,0,0,0
'level11','level17',0,0,0,0,0,0,0,0,0,0,0,0
'level11','level18',0,0,0,0,0,0,0,0,0,0,0,0
'level11','level19',0,0,0,0,0,0,0,0,0,0,0,0
'level11','level20',0,0,0,0,0,0,0,0,0,0,0,0
'level11','level21',0,0,0,0,0,0,0,0,0,0,0,0
'level11','level22',0,0,0,0,0,0,0,0,0,0,0,0
'level11','level23',0,0,0,0,0,0,0,0,0,0,0,0
'level11','level24',0,0,0,0,0,0,0,0,0,0,0,0
'level11','level25',0,0,0,0,0,0,0,0,0,0,0,0
'level11','level26',0,0,0,0,0,0,0,0,0,0,0,0
'level11','level27',0,0,0,0,0,0,0,0,0,0,0,0
'level11','level28',0,0,0,0,0,0,0,0,0,0,0,0
'level11','level29',0,0,0,0,0,0,0,0,0,0,0,0
'level11','level30',0,0,0,0,0,0,0,0,0,0,0,0
'level11','level31',0,0,0,0,0,0,0,0,0,0,0,0
'level11','level32',0,0,0,0,0,0,0,0,0,0,0,0
'level11','level33',0,0,0,0,0,0,0,0,0,0,0,0
'level11','level34',0,0,0,0,0,0,0,0,0,0,0,0
'level11','level35',0,0,0,0,0,0,0,0,0,0,0,0
'level11','level36',0,0,0,0,0,0,0,0,0,0,0,0
'level11','level37',0,0,0,0,0,0,0,0,0,0,0,0
'level11','level38',0,0,0,0,0,0,0,0,0,0,0,0
'level11','level39',0,0,0,0,0,0,0,0,0,0,0,0
'level11','level0',0,0,0,0,0,0,0,0,0,0,0,0
'level11','level1',0,0,0,0,0,0,0,0,0,0,0,0
'level11','level2',0,0,0,0,0,0,0,0,0,0,0,0
'level11','level3',0,0,0,0,0,0,0,0,0,0,0,0
'level11','level4',0,0,0,0,0,0,0,0,0,0,0,0
'level11','level5',0,0,0,0,0,0,0,0,0,0,0,0
'level11','level6',0,0,0,0,0,0,0,0,0,0,0,0
'level11','level7',0,0,0,0,0,0,0,0,0,0,0,0
'level11','level8',0,0,0,0,0,0,0,0,0,0,0,0
'level11','level9',0,0,0,0,0,0,0,0,0,0,0,0
'level11','level10',0,0,0,0,0,0,0,0,0,0,0,0
'level12','b0',0,0,0,0,0,0,0,0,0,0,0,0
'level12','b1',0,0,0,0,0,0,0,0,0,0,0,0
'level12','b2',0,0,0,0,0,0,0,0,0,0,0,0
'level12','b3',0,0,0,0,0,0,0,0,0,0,0,0
'level12','b4',0,0,0,0,0,0,0,0,0,0,0,0
'level12','h0',0,0,0,0,0,0,0,0,0,0,0,0
'level12','h1',0,0,0,0,0,0,0,0,0,0,0,0
'level12','level11',0,0,0,0,0,0,0,0,0,0,0,0
'level12','level12',0,0,0,0,0,0,0,0,0,0,0,0
'level12','level13',0,0,0,0,0,0,0,0,0,0,0,0
'level12','level14',0,0,0,0,0,0,0,0,0,0,0,0
'level12','level15',0,0,0,0,0,0,0,0,0,0,0,0
'level12','level16',0,0,0,0,0,0,0,0,0,0,0,0
'level12','level17',0,0,0,0,0,0,0,0,0,0,0,0
'level12','level18',0,0,0,0,0,0,0,0,0,0,0,0
'level12','level19',0,0,0,0,0,0,0,0,0,0,0,0
'level12','level20',0,0,0,0,0,0,0,0,0,0,0,0
'level12','level21',0,0,0,0,0,0,0,0,0,0,0,0
'level12','level22',0,0,0,0,0,0,0,0,0,0,0,0
'level12','level23',0,0,0,0,0,0,0,0,0,0,0,0
'level12','level24',0,0,0,0,0,0,0,0,0,0,0,0
'level12','level25',0,0,0,0,0,0,0,0,0,0,0,0
'level12','level26',0,0,0,0,0,0,0,0,0,0,0,0
'level12','level27',0,0,0,0,0,0,0,0,0,0,0,0
'level12','level28',0,0,0,0,0,0,0,0,0,0,0,0
'level12','level29',0,0,0,0,0,0,0,0,0,0,0,0
'level12','level30',0,0,0,0,0,0,0,0,0,0,0,0
'level12','level31',0,0,0,0,0,0,0,0,0,0,0,0
'level12','level32',0,0,0,0,0,0,0,0,0,0,0,0
'level12','level33',0,0,0,0,0,0,0,0,0,0,0,0
'level12','level34',0,0,0,0,0,0,0,0,0,0,0,0
'level12','level35',0,0,0,0,0,0,0,0,0,0,0,0
'level12','level36',0,0,0,0,0,0,0,0,0,0,0,0
'level12','level37',0,0,0,0,0,0,0,0,0,0,0,0
'level12','level38',0,0,0,0,0,0,0,0,0,0,0,0
'level12','level39',0,0,0,0,0,0,0,0,0,0,0,0
'level12','level0',0,0,0,0,0,0,0,0,0,0,0,0
'level12','level1',0,0,0,0,0,0,0,0,0,0,0,0
'level12','level2',0,0,0,0,0,0,0,0,0,0,0,0
'level12','level3',0,0,0,0,0,0,0,0,0,0,0,0
'level12','level4',0,0,0,0,0,0,0,0,0,0,0,0
'level12','level5',0,0,0,0,0,0,0,0,0,0,0,0
'level12','level6',0,0,0,0,0,0,0,0,0,0,0,0
'level12','level7',0,0,0,0,0,0,0,0,0,0,0,0
'level12','level8',0,0,0,0,0,0,0,0,0,0,0,0
'level12','level9',0,0,0,0,0,0,0,0,0,0,0,0
'level12','level10',0,0,0,0,0,0,0,0,0,0,0,0
'level13','b0',0,0,0,0,0,0,0,0,0,0,0,0
'level13','b1',0,0,0,0,0,0,0,0,0,0,0,0
'level13','b2',0,0,0,0,0,0,0,0,0,0,0,0
'level13','b3',0,0,0,0,0,0,0,0,0,0,0,0
'level13','b4',0,0,0,0,0,0,0,0,0,0,0,0
'level13','h0',0,0,0,0,0,0,0,0,0,0,0,0
'level13','h1',0,0,0,0,0,0,0,0,0,0,0,0
'level13','level11',0,0,0,0,0,0,0,0,0,0,0,0
'level13','level12',0,0,0,0,0,0,0,0,0,0,0,0
'level13','level13',0,0,0,0,0,0,0,0,0,0,0,0
'level13','level14',0,0,0,0,0,0,0,0,0,0,0,0
'level13','level15',0,0,0,0,0,0,0,0,0,0,0,0
'level13','level16',0,0,0,0,0,0,0,0,0,0,0,0
'level13','level17',0,0,0,0,0,0,0,0,0,0,0,0
'level13','level18',0,0,0,0,0,0,0,0,0,0,0,0
'level13','level19',0,0,0,0,0,0,0,0,0,0,0,0
'level13','level20',0,0,0,0,0,0,0,0,0,0,0,0
'level13','level21',0,0,0,0,0,0,0,0,0,0,0,0
'level13','level22',0,0,0,0,0,0,0,0,0,0,0,0
'level13','level23',0,0,0,0,0,0,0,0,0,0,0,0
'level13','level24',0,0,0,0,0,0,0,0,0,0,0,0
'level13','level25',0,0,0,0,0,0,0,0,0,0,0,0
'level13','level26',0,0,0,0,0,0,0,0,0,0,0,0
'level13','level27',0,0,0,0,0,0,0,0,0,0,0,0
'level13','level28',0,0,0,0,0,0,0,0,0,0,0,0
'level13','level29',0,0,0,0,0,0,0,0,0,0,0,0
'level13','level30',0,0,0,0,0,0,0,0,0,0,0,0
'level13','level31',0,0,0,0,0,0,0,0,0,0,0,0
'level13','level32',0,0,0,0,0,0,0,0,0,0,0,0
'level13','level33',0,0,0,0,0,0,0,0,0,0,0,0
'level13','level34',0,0,0,0,0,0,0,0,0,0,0,0
'level13','level35',0,0,0,0,0,0,0,0,0,0,0,0
'level13','level36',0,0,0,0,0,0,0,0,0,0,0,0
'level13','level37',0,0,0,0,0,0,0,0,0,0,0,0
'level13','level38',0,0,0,0,0,0,0,0,0,0,0,0
'level13','level39',0,0,0,0,0,0,0,0,0,0,0,0
'level13','level0',0,0,0,0,0,0,0,0,0,0,0,0
'level13','level1',0,0,0,0,0,0,0,0,0,0,0,0
'level13','level2',0,0,0,0,0,0,0,0,0,0,0,0
'level13','level3',0,0,0,0,0,0,0,0,0,0,0,0
'level13','level4',0,0,0,0,0,0,0,0,0,0,0,0
'level13','level5',0,0,0,0,0,0,0,0,0,0,0,0
'level13','level6',0,0,0,0,0,0,0,0,0,0,0,0
'level13','level7',0,0,0,0,0,0,0,0,0,0,0,0
'level13','level8',0,0,0,0,0,0,0,0,0,0,0,0
'level13','level9',0,0,0,0,0,0,0,0,0,0,0,0
'level13','level10',0,0,0,0,0,0,0,0,0,0,0,0
'level14','b0',0,0,0,0,0,0,0,0,0,0,0,0
'level14','b1',0,0,0,0,0,0,0,0,0,0,0,0
'level14','b2',0,0,0,0,0,0,0,0,0,0,0,0
'level14','b3',0,0,0,0,0,0,0,0,0,0,0,0
'level14','b4',0,0,0,0,0,0,0,0,0,0,0,0
'level14','h0',0,0,0,0,0,0,0,0,0,0,0,0
'level14','h1',0,0,0,0,0,0,0,0,0,0,0,0
'level14','level11',0,0,0,0,0,0,0,0,0,0,0,0
'level14','level12',0,0,0,0,0,0,0,0,0,0,0,0
'level14','level13',0,0,0,0,0,0,0,0,0,0,0,0
'level14','level14',0,0,0,0,0,0,0,0,0,0,0,0
'level14','level15',0,0,0,0,0,0,0,0,0,0,0,0
'level14','level16',0,0,0,0,0,0,0,0,0,0,0,0
'level14','level17',0,0,0,0,0,0,0,0,0,0,0,0
'level14','level18',0,0,0,0,0,0,0,0,0,0,0,0
'level14','level19',0,0,0,0,0,0,0,0,0,0,0,0
'level14','level20',0,0,0,0,0,0,0,0,0,0,0,0
'level14','level21',0,0,0,0,0,0,0,0,0,0,0,0
'level14','level22',0,0,0,0,0,0,0,0,0,0,0,0
'level14','level23',0,0,0,0,0,0,0,0,0,0,0,0
'level14','level24',0,0,0,0,0,0,0,0,0,0,0,0
'level14','level25',0,0,0,0,0,0,0,0,0,0,0,0
'level14','level26',0,0,0,0,0,0,0,0,0,0,0,0
'level14','level27',0,0,0,0,0,0,0,0,0,0,0,0
'level14','level28',0,0,0,0,0,0,0,0,0,0,0,0
'level14','level29',0,0,0,0,0,0,0,0,0,0,0,0
'level14','level30',0,0,0,0,0,0,0,0,0,0,0,0
'level14','level31',0,0,0,0,0,0,0,0,0,0,0,0
'level14','level32',0,0,0,0,0,0,0,0,0,0,0,0
'level14','level33',0,0,0,0,0,0,0,0,0,0,0,0
'level14','level34',0,0,0,0,0,0,0,0,0,0,0,0
'level14','level35',0,0,0,0,0,0,0,0,0,0,0,0
'level14','level36',0,0,0,0,0,0,0,0,0,0,0,0
'level14','level37',0,0,0,0,0,0,0,0,0,0,0,0
'level14','level38',0,0,0,0,0,0,0,0,0,0,0,0
'level14','level39',0,0,0,0,0,0,0,0,0,0,0,0
'level14','level0',0,0,0,0,0,0,0,0,0,0,0,0
'level14','level1',0,0,0,0,0,0,0,0,0,0,0,0
'level14','level2',0,0,0,0,0,0,0,0,0,0,0,0
'level14','level3',0,0,0,0,0,0,0,0,0,0,0,0
'level14','level4',0,0,0,0,0,0,0,0,0,0,0,0
'level14','level5',0,0,0,0,0,0,0,0,0,0,0,0
'level14','level6',0,0,0,0,0,0,0,0,0,0,0,0
'level14','level7',0,0,0,0,0,0,0,0,0,0,0,0
'level14','level8',0,0,0,0,0,0,0,0,0,0,0,0
'level14','level9',0,0,0,0,0,0,0,0,0,0,0,0
'level14','level10',0,0,0,0,0,0,0,0,0,0,0,0
'level15','b0',0,0,0,0,0,0,0,0,0,0,0,0
'level15','b1',0,0,0,0,0,0,0,0,0,0,0,0
'level15','b2',0,0,0,0,0,0,0,0,0,0,0,0
'level15','b3',0,0,0,0,0,0,0,0,0,0,0,0
'level15','b4',0,0,0,0,0,0,0,0,0,0,0,0
'level15','h0',0,0,0,0,0,0,0,0,0,0,0,0
'level15','h1',0,0,0,0,0,0,0,0,0,0,0,0
'level15','level11',0,0,0,0,0,0,0,0,0,0,0,0
'level15','level12',0,0,0,0,0,0,0,0,0,0,0,0
'level15','level13',0,0,0,0,0,0,0,0,0,0,0,0
'level15','level14',0,0,0,0,0,0,0,0,0,0,0,0
'level15','level15',0,0,0,0,0,0,0,0,0,0,0,0
'level15','level16',0,0,0,0,0,0,0,0,0,0,0,0
'level15','level17',0,0,0,0,0,0,0,0,0,0,0,0
'level15','level18',0,0,0,0,0,0,0,0,0,0,0,0
'level15','level19',0,0,0,0,0,0,0,0,0,0,0,0
'level15','level20',0,0,0,0,0,0,0,0,0,0,0,0
'level15','level21',0,0,0,0,0,0,0,0,0,0,0,0
'level15','level22',0,0,0,0,0,0,0,0,0,0,0,0
'level15','level23',0,0,0,0,0,0,0,0,0,0,0,0
'level15','level24',0,0,0,0,0,0,0,0,0,0,0,0
'level15','level25',0,0,0,0,0,0,0,0,0,0,0,0
'level15','level26',0,0,0,0,0,0,0,0,0,0,0,0
'level15','level27',0,0,0,0,0,0,0,0,0,0,0,0
'level15','level28',0,0,0,0,0,0,0,0,0,0,0,0
'level15','level29',0,0,0,0,0,0,0,0,0,0,0,0
'level15','level30',0,0,0,0,0,0,0,0,0,0,0,0
'level15','level31',0,0,0,0,0,0,0,0,0,0,0,0
'level15','level32',0,0,0,0,0,0,0,0,0,0,0,0
'level15','level33',0,0,0,0,0,0,0,0,0,0,0,0
'level15','level34',0,0,0,0,0,0,0,0,0,0,0,0
'level15','level35',0,0,0,0,0,0,0,0,0,0,0,0
'level15','level36',0,0,0,0,0,0,0,0,0,0,0,0
'level15','level37',0,0,0,0,0,0,0,0,0,0,0,0
'level15','level38',0,0,0,0,0,0,0,0,0,0,0,0
'level15','level39',0,0,0,0,0,0,0,0,0,0,0,0
'level15','level0',0,0,0,0,0,0,0,0,0,0,0,0
'level15','level1',0,0,0,0,0,0,0,0,0,0,0,0
'level15','level2',0,0,0,0,0,0,0,0,0,0,0,0
'level15','level3',0,0,0,0,0,0,0,0,0,0,0,0
'level15','level4',0,0,0,0,0,0,0,0,0,0,0,0
'level15','level5',0,0,0,0,0,0,0,0,0,0,0,0
'level15','level6',0,0,0,0,0,0,0,0,0,0,0,0
'level15','level7',0,0,0,0,0,0,0,0,0,0,0,0
'level15','level8',0,0,0,0,0,0,0,0,0,0,0,0
'level15','level9',0,0,0,0,0,0,0,0,0,0,0,0
'level15','level10',0,0,0,0,0,0,0,0,0,0,0,0
'level16','b0',0,0,0,0,0,0,0,0,0,0,0,0
'level16','b1',0,0,0,0,0,0,0,0,0,0,0,0
'level16','b2',0,0,0,0,0,0,0,0,0,0,0,0
'level16','b3',0,0,0,0,0,0,0,0,0,0,0,0
'level16','b4',0,0,0,0,0,0,0,0,0,0,0,0
'level16','h0',0,0,0,0,0,0,0,0,0,0,0,0
'level16','h1',0,0,0,0,0,0,0,0,0,0,0,0
'level16','level11',0,0,0,0,0,0,0,0,0,0,0,0
'level16','level12',0,0,0,0,0,0,0,0,0,0,0,0
'level16','level13',0,0,0,0,0,0,0,0,0,0,0,0
'level16','level14',0,0,0,0,0,0,0,0,0,0,0,0
'level16','level15',0,0,0,0,0,0,0,0,0,0,0,0
'level16','level16',0,0,0,0,0,0,0,0,0,0,0,0
'level16','level17',0,0,0,0,0,0,0,0,0,0,0,0
'level16','level18',0,0,0,0,0,0,0,0,0,0,0,0
'level16','level19',0,0,0,0,0,0,0,0,0,0,0,0
'level16','level20',0,0,0,0,0,0,0,0,0,0,0,0
'level16','level21',0,0,0,0,0,0,0,0,0,0,0,0
'level16','level22',0,0,0,0,0,0,0,0,0,0,0,0
'level16','level23',0,0,0,0,0,0,0,0,0,0,0,0
'level16','level24',0,0,0,0,0,0,0,0,0,0,0,0
'level16','level25',0,0,0,0,0,0,0,0,0,0,0,0
'level16','level26',0,0,0,0,0,0,0,0,0,0,0,0
'level16','level27',0,0,0,0,0,0,0,0,0,0,0,0
'level16','level28',0,0,0,0,0,0,0,0,0,0,0,0
'level16','level29',0,0,0,0,0,0,0,0,0,0,0,0
'level16','level30',0,0,0,0,0,0,0,0,0,0,0,0
'level16','level31',0,0,0,0,0,0,0,0,0,0,0,0
'level16','level32',0,0,0,0,0,0,0,0,0,0,0,0
'level16','level33',0,0,0,0,0,0,0,0,0,0,0,0
'level16','level34',0,0,0,0,0,0,0,0,0,0,0,0
'level16','level35',0,0,0,0,0,0,0,0,0,0,0,0
'level16','level36',0,0,0,0,0,0,0,0,0,0,0,0
'level16','level37',0,0,0,0,0,0,0,0,0,0,0,0
'level16','level38',0,0,0,0,0,0,0,0,0,0,0,0
'level16','level39',0,0,0,0,0,0,0,0,0,0,0,0
'level16','level0',0,0,0,0,0,0,0,0,0,0,0,0
'level16','level1',0,0,0,0,0,0,0,0,0,0,0,0
'level16','level2',0,0,0,0,0,0,0,0,0,0,0,0
'level16','level3',0,0,0,0,0,0,0,0,0,0,0,0
'level16','level4',0,0,0,0,0,0,0,0,0,0,0,0
'level16','level5',0,0,0,0,0,0,0,0,0,0,0,0
'level16','level6',0,0,0,0,0,0,0,0,0,0,0,0
'level16','level7',0,0,0,0,0,0,0,0,0,0,0,0
'level16','level8',0,0,0,0,0,0,0,0,0,0,0,0
'level16','level9',0,0,0,0,0,0,0,0,0,0,0,0
'level16','level10',0,0,0,0,0,0,0,0,0,0,0,0
'level17','b0',0,0,0,0,0,0,0,0,0,0,0,0
'level17','b1',0,0,0,0,0,0,0,0,0,0,0,0
'level17','b2',0,0,0,0,0,0,0,0,0,0,0,0
'level17','b3',0,0,0,0,0,0,0,0,0,0,0,0
'level17','b4',0,0,0,0,0,0,0,0,0,0,0,0
'level17','h0',0,0,0,0,0,0,0,0,0,0,0,0
'level17','h1',0,0,0,0,0,0,0,0,0,0,0,0
'level17','level11',0,0,0,0,0,0,0,0,0,0,0,0
'level17','level12',0,0,0,0,0,0,0,0,0,0,0,0
'level17','level13',0,0,0,0,0,0,0,0,0,0,0,0
'level17','level14',0,0,0,0,0,0,0,0,0,0,0,0
'level17','level15',0,0,0,0,0,0,0,0,0,0,0,0
'level17','level16',0,0,0,0,0,0,0,0,0,0,0,0
'level17','level17',0,0,0,0,0,0,0,0,0,0,0,0
'level17','level18',0,0,0,0,0,0,0,0,0,0,0,0
'level17','level19',0,0,0,0,0,0,0,0,0,0,0,0
'level17','level20',0,0,0,0,0,0,0,0,0,0,0,0
'level17','level21',0,0,0,0,0,0,0,0,0,0,0,0
'level17','level22',0,0,0,0,0,0,0,0,0,0,0,0
'level17','level23',0,0,0,0,0,0,0,0,0,0,0,0
'level17','level24',0,0,0,0,0,0,0,0,0,0,0,0
'level17','level25',0,0,0,0,0,0,0,0,0,0,0,0
'level17','level26',0,0,0,0,0,0,0,0,0,0,0,0
'level17','level27',0,0,0,0,0,0,0,0,0,0,0,0
'level17','level28',0,0,0,0,0,0,0,0,0,0,0,0
'level17','level29',0,0,0,0,0,0,0,0,0,0,0,0
'level17','level30',0,0,0,0,0,0,0,0,0,0,0,0
'level17','level31',0,0,0,0,0,0,0,0,0,0,0,0
'level17','level32',0,0,0,0,0,0,0,0,0,0,0,0
'level17','level33',0,0,0,0,0,0,0,0,0,0,0,0
'level17','level34',0,0,0,0,0,0,0,0,0,0,0,0
'level17','level35',0,0,0,0,0,0,0,0,0,0,0,0
'level17','level36',0,0,0,0,0,0,0,0,0,0,0,0
'level17','level37',0,0,0,0,0,0,0,0,0,0,0,0
'level17','level38',0,0,0,0,0,0,0,0,0,0,0,0
'level17','level39',0,0,0,0,0,0,0,0,0,0,0,0
'level17','level0',0,0,0,0,0,0,0,0,0,0,0,0
'level17','level1',0,0,0,0,0,0,0,0,0,0,0,0
'level17','level2',0,0,0,0,0,0,0,0,0,0,0,0
'level17','level3',0,0,0,0,0,0,0,0,0,0,0,0
'level17','level4',0,0,0,0,0,0,0,0,0,0,0,0
'level17','level5',0,0,0,0,0,0,0,0,0,0,0,0
'level17','level6',0,0,0,0,0,0,0,0,0,0,0,0
'level17','level7',0,0,0,0,0,0,0,0,0,0,0,0
'level17','level8',0,0,0,0,0,0,0,0,0,0,0,0
'level17','level9',0,0,0,0,0,0,0,0,0,0,0,0
'level17','level10',0,0,0,0,0,0,0,0,0,0,0,0
'level18','b0',0,0,0,0,0,0,0,0,0,0,0,0
'level18','b1',0,0,0,0,0,0,0,0,0,0,0,0
'level18','b2',0,0,0,0,0,0,0,0,0,0,0,0
'level18','b3',0,0,0,0,0,0,0,0,0,0,0,0
'level18','b4',0,0,0,0,0,0,0,0,0,0,0,0
'level18','h0',0,0,0,0,0,0,0,0,0,0,0,0
'level18','h1',0,0,0,0,0,0,0,0,0,0,0,0
'level18','level11',0,0,0,0,0,0,0,0,0,0,0,0
'level18','level12',0,0,0,0,0,0,0,0,0,0,0,0
'level18','level13',0,0,0,0,0,0,0,0,0,0,0,0
'level18','level14',0,0,0,0,0,0,0,0,0,0,0,0
'level18','level15',0,0,0,0,0,0,0,0,0,0,0,0
'level18','level16',0,0,0,0,0,0,0,0,0,0,0,0
'level18','level17',0,0,0,0,0,0,0,0,0,0,0,0
'level18','level18',0,0,0,0,0,0,0,0,0,0,0,0
'level18','level19',0,0,0,0,0,0,0,0,0,0,0,0
'level18','level20',0,0,0,0,0,0,0,0,0,0,0,0
'level18','level21',0,0,0,0,0,0,0,0,0,0,0,0
'level18','level22',0,0,0,0,0,0,0,0,0,0,0,0
'level18','level23',0,0,0,0,0,0,0,0,0,0,0,0
'level18','level24',0,0,0,0,0,0,0,0,0,0,0,0
'level18','level25',0,0,0,0,0,0,0,0,0,0,0,0
'level18','level26',0,0,0,0,0,0,0,0,0,0,0,0
'level18','level27',0,0,0,0,0,0,0,0,0,0,0,0
'level18','level28',0,0,0,0,0,0,0,0,0,0,0,0
'level18','level29',0,0,0,0,0,0,0,0,0,0,0,0
'level18','level30',0,0,0,0,0,0,0,0,0,0,0,0
'level18','level31',0,0,0,0,0,0,0,0,0,0,0,0
'level18','level32',0,0,0,0,0,0,0,0,0,0,0,0
'level18','level33',0,0,0,0,0,0,0,0,0,0,0,0
'level18','level34',0,0,0,0,0,0,0,0,0,0,0,0
'level18','level35',0,0,0,0,0,0,0,0,0,0,0,0
'level18','level36',0,0,0,0,0,0,0,0,0,0,0,0
'level18','level37',0,0,0,0,0,0,0,0,0,0,0,0
'level18','level38',0,0,0,0,0,0,0,0,0,0,0,0
'level18','level39',0,0,0,0,0,0,0,0,0,0,0,0
'level18','level0',0,0,0,0,0,0,0,0,0,0,0,0
'level18','level1',0,0,0,0,0,0,0,0,0,0,0,0
'level18','level2',0,0,0,0,0,0,0,0,0,0,0,0
'level18','level3',0,0,0,0,0,0,0,0,0,0,0,0
'level18','level4',0,0,0,0,0,0,0,0,0,0,0,0
'level18','level5',0,0,0,0,0,0,0,0,0,0,0,0
'level18','level6',0,0,0,0,0,0,0,0,0,0,0,0
'level18','level7',0,0,0,0,0,0,0,0,0,0,0,0
'level18','level8',0,0,0,0,0,0,0,0,0,0,0,0
'level18','level9',0,0,0,0,0,0,0,0,0,0,0,0
'level18','level10',0,0,0,0,0,0,0,0,0,0,0,0
'level19','b0',0,0,0,0,0,0,0,0,0,0,0,0
'level19','b1',0,0,0,0,0,0,0,0,0,0,0,0
'level19','b2',0,0,0,0,0,0,0,0,0,0,0,0
'level19','b3',0,0,0,0,0,0,0,0,0,0,0,0
'level19','b4',0,0,0,0,0,0,0,0,0,0,0,0
'level19','h0',0,0,0,0,0,0,0,0,0,0,0,0
'level19','h1',0,0,0,0,0,0,0,0,0,0,0,0
'level19','level11',0,0,0,0,0,0,0,0,0,0,0,0
'level19','level12',0,0,0,0,0,0,0,0,0,0,0,0
'level19','level13',0,0,0,0,0,0,0,0,0,0,0,0
'level19','level14',0,0,0,0,0,0,0,0,0,0,0,0
'level19','level15',0,0,0,0,0,0,0,0,0,0,0,0
'level19','level16',0,0,0,0,0,0,0,0,0,0,0,0
'level19','level17',0,0,0,0,0,0,0,0,0,0,0,0
'level19','level18',0,0,0,0,0,0,0,0,0,0,0,0
'level19','level19',0,0,0,0,0,0,0,0,0,0,0,0
'level19','level20',0,0,0,0,0,0,0,0,0,0,0,0
'level19','level21',0,0,0,0,0,0,0,0,0,0,0,0
'level19','level22',0,0,0,0,0,0,0,0,0,0,0,0
'level19','level23',0,0,0,0,0,0,0,0,0,0,0,0
'level19','level24',0,0,0,0,0,0,0,0,0,0,0,0
'level19','level25',0,0,0,0,0,0,0,0,0,0,0,0
'level19','level26',0,0,0,0,0,0,0,0,0,0,0,0
'level19','level27',0,0,0,0,0,0,0,0,0,0,0,0
'level19','level28',0,0,0,0,0,0,0,0,0,0,0,0
'level19','level29',0,0,0,0,0,0,0,0,0,0,0,0
'level19','level30',0,0,0,0,0,0,0,0,0,0,0,0
'level19','level31',0,0,0,0,0,0,0,0,0,0,0,0
'level19','level32',0,0,0,0,0,0,0,0,0,0,0,0
'level19','level33',0,0,0,0,0,0,0,0,0,0,0,0
'level19','level34',0,0,0,0,0,0,0,0,0,0,0,0
'level19','level35',0,0,0,0,0,0,0,0,0,0,0,0
'level19','level36',0,0,0,0,0,0,0,0,0,0,0,0
'level19','level37',0,0,0,0,0,0,0,0,0,0,0,0
'level19','level38',0,0,0,0,0,0,0,0,0,0,0,0
'level19','level39',0,0,0,0,0,0,0,0,0,0,0,0
'level19','level0',0,0,0,0,0,0,0,0,0,0,0,0
'level19','level1',0,0,0,0,0,0,0,0,0,0,0,0
'level19','level2',0,0,0,0,0,0,0,0,0,0,0,0
'level19','level3',0,0,0,0,0,0,0,0,0,0,0,0
'level19','level4',0,0,0,0,0,0,0,0,0,0,0,0
'level19','level5',0,0,0,0,0,0,0,0,0,0,0,0
'level19','level6',0,0,0,0,0,0,0,0,0,0,0,0
'level19','level7',0,0,0,0,0,0,0,0,0,0,0,0
'level19','level8',0,0,0,0,0,0,0,0,0,0,0,0
'level19','level9',0,0,0,0,0,0,0,0,0,0,0,0
'level19','level10',0,0,0,0,0,0,0,0,0,0,0,0
'level20','b0',0,0,0,0,0,0,0,0,0,0,0,0
'level20','b1',0,0,0,0,0,0,0,0,0,0,0,0
'level20','b2',0,0,0,0,0,0,0,0,0,0,0,0
'level20','b3',0,0,0,0,0,0,0,0,0,0,0,0
'level20','b4',0,0,0,0,0,0,0,0,0,0,0,0
'level20','h0',0,0,0,0,0,0,0,0,0,0,0,0
'level20','h1',0,0,0,0,0,0,0,0,0,0,0,0
'level20','level11',0,0,0,0,0,0,0,0,0,0,0,0
'level20','level12',0,0,0,0,0,0,0,0,0,0,0,0
'level20','level13',0,0,0,0,0,0,0,0,0,0,0,0
'level20','level14',0,0,0,0,0,0,0,0,0,0,0,0
'level20','level15',0,0,0,0,0,0,0,0,0,0,0,0
'level20','level16',0,0,0,0,0,0,0,0,0,0,0,0
'level20','level17',0,0,0,0,0,0,0,0,0,0,0,0
'level20','level18',0,0,0,0,0,0,0,0,0,0,0,0
'level20','level19',0,0,0,0,0,0,0,0,0,0,0,0
'level20','level20',0,0,0,0,0,0,0,0,0,0,0,0
'level20','level21',0,0,0,0,0,0,0,0,0,0,0,0
'level20','level22',0,0,0,0,0,0,0,0,0,0,0,0
'level20','level23',0,0,0,0,0,0,0,0,0,0,0,0
'level20','level24',0,0,0,0,0,0,0,0,0,0,0,0
'level20','level25',0,0,0,0,0,0,0,0,0,0,0,0
'level20','level26',0,0,0,0,0,0,0,0,0,0,0,0
'level20','level27',0,0,0,0,0,0,0,0,0,0,0,0
'level20','level28',0,0,0,0,0,0,0,0,0,0,0,0
'level20','level29',0,0,0,0,0,0,0,0,0,0,0,0
'level20','level30',0,0,0,0,0,0,0,0,0,0,0,0
'level20','level31',0,0,0,0,0,0,0,0,0,0,0,0
'level20','level32',0,0,0,0,0,0,0,0,0,0,0,0
'level20','level33',0,0,0,0,0,0,0,0,0,0,0,0
'level20','level34',0,0,0,0,0,0,0,0,0,0,0,0
'level20','level35',0,0,0,0,0,0,0,0,0,0,0,0
'level20','level36',0,0,0,0,0,0,0,0,0,0,0,0
'level20','level37',0,0,0,0,0,0,0,0,0,0,0,0
'level20','level38',0,0,0,0,0,0,0,0,0,0,0,0
'level20','level39',0,0,0,0,0,0,0,0,0,0,0,0
'level20','level0',0,0,0,0,0,0,0,0,0,0,0,0
'level20','level1',0,0,0,0,0,0,0,0,0,0,0,0
'level20','level2',0,0,0,0,0,0,0,0,0,0,0,0
'level20','level3',0,0,0,0,0,0,0,0,0,0,0,0
'level20','level4',0,0,0,0,0,0,0,0,0,0,0,0
'level20','level5',0,0,0,0,0,0,0,0,0,0,0,0
'level20','level6',0,0,0,0,0,0,0,0,0,0,0,0
'level20','level7',0,0,0,0,0,0,0,0,0,0,0,0
'level20','level8',0,0,0,0,0,0,0,0,0,0,0,0
'level20','level9',0,0,0,0,0,0,0,0,0,0,0,0
'level20','level10',0,0,0,0,0,0,0,0,0,0,0,0
'level21','b0',0,0,0,0,0,0,0,0,0,0,0,0
'level21','b1',0,0,0,0,0,0,0,0,0,0,0,0
'level21','b2',0,0,0,0,0,0,0,0,0,0,0,0
'level21','b3',0,0,0,0,0,0,0,0,0,0,0,0
'level21','b4',0,0,0,0,0,0,0,0,0,0,0,0
'level21','h0',0,0,0,0,0,0,0,0,0,0,0,0
'level21','h1',0,0,0,0,0,0,0,0,0,0,0,0
'level21','level11',0,0,0,0,0,0,0,0,0,0,0,0
'level21','level12',0,0,0,0,0,0,0,0,0,0,0,0
'level21','level13',0,0,0,0,0,0,0,0,0,0,0,0
'level21','level14',0,0,0,0,0,0,0,0,0,0,0,0
'level21','level15',0,0,0,0,0,0,0,0,0,0,0,0
'level21','level16',0,0,0,0,0,0,0,0,0,0,0,0
'level21','level17',0,0,0,0,0,0,0,0,0,0,0,0
'level21','level18',0,0,0,0,0,0,0,0,0,0,0,0
'level21','level19',0,0,0,0,0,0,0,0,0,0,0,0
'level21','level20',0,0,0,0,0,0,0,0,0,0,0,0
'level21','level21',0,0,0,0,0,0,0,0,0,0,0,0
'level21','level22',0,0,0,0,0,0,0,0,0,0,0,0
'level21','level23',0,0,0,0,0,0,0,0,0,0,0,0
'level21','level24',0,0,0,0,0,0,0,0,0,0,0,0
'level21','level25',0,0,0,0,0,0,0,0,0,0,0,0
'level21','level26',0,0,0,0,0,0,0,0,0,0,0,0
'level21','level27',0,0,0,0,0,0,0,0,0,0,0,0
'level21','level28',0,0,0,0,0,0,0,0,0,0,0,0
'level21','level29',0,0,0,0,0,0,0,0,0,0,0,0
'level21','level30',0,0,0,0,0,0,0,0,0,0,0,0
'level21','level31',0,0,0,0,0,0,0,0,0,0,0,0
'level21','level32',0,0,0,0,0,0,0,0,0,0,0,0
'level21','level33',0,0,0,0,0,0,0,0,0,0,0,0
'level21','level34',0,0,0,0,0,0,0,0,0,0,0,0
'level21','level35',0,0,0,0,0,0,0,0,0,0,0,0
'level21','level36',0,0,0,0,0,0,0,0,0,0,0,0
'level21','level37',0,0,0,0,0,0,0,0,0,0,0,0
'level21','level38',0,0,0,0,0,0,0,0,0,0,0,0
'level21','level39',0,0,0,0,0,0,0,0,0,0,0,0
'level21','level0',0,0,0,0,0,0,0,0,0,0,0,0
'level21','level1',0,0,0,0,0,0,0,0,0,0,0,0
'level21','level2',0,0,0,0,0,0,0,0,0,0,0,0
'level21','level3',0,0,0,0,0,0,0,0,0,0,0,0
'level21','level4',0,0,0,0,0,0,0,0,0,0,0,0
'level21','level5',0,0,0,0,0,0,0,0,0,0,0,0
'level21','level6',0,0,0,0,0,0,0,0,0,0,0,0
'level21','level7',0,0,0,0,0,0,0,0,0,0,0,0
'level21','level8',0,0,0,0,0,0,0,0,0,0,0,0
'level21','level9',0,0,0,0,0,0,0,0,0,0,0,0
'level21','level10',0,0,0,0,0,0,0,0,0,0,0,0
'level22','b0',0,0,0,0,0,0,0,0,0,0,0,0
'level22','b1',0,0,0,0,0,0,0,0,0,0,0,0
'level22','b2',0,0,0,0,0,0,0,0,0,0,0,0
'level22','b3',0,0,0,0,0,0,0,0,0,0,0,0
'level22','b4',0,0,0,0,0,0,0,0,0,0,0,0
'level22','h0',0,0,0,0,0,0,0,0,0,0,0,0
'level22','h1',0,0,0,0,0,0,0,0,0,0,0,0
'level22','level11',0,0,0,0,0,0,0,0,0,0,0,0
'level22','level12',0,0,0,0,0,0,0,0,0,0,0,0
'level22','level13',0,0,0,0,0,0,0,0,0,0,0,0
'level22','level14',0,0,0,0,0,0,0,0,0,0,0,0
'level22','level15',0,0,0,0,0,0,0,0,0,0,0,0
'level22','level16',0,0,0,0,0,0,0,0,0,0,0,0
'level22','level17',0,0,0,0,0,0,0,0,0,0,0,0
'level22','level18',0,0,0,0,0,0,0,0,0,0,0,0
'level22','level19',0,0,0,0,0,0,0,0,0,0,0,0
'level22','level20',0,0,0,0,0,0,0,0,0,0,0,0
'level22','level21',0,0,0,0,0,0,0,0,0,0,0,0
'level22','level22',0,0,0,0,0,0,0,0,0,0,0,0
'level22','level23',0,0,0,0,0,0,0,0,0,0,0,0
'level22','level24',0,0,0,0,0,0,0,0,0,0,0,0
'level22','level25',0,0,0,0,0,0,0,0,0,0,0,0
'level22','level26',0,0,0,0,0,0,0,0,0,0,0,0
'level22','level27',0,0,0,0,0,0,0,0,0,0,0,0
'level22','level28',0,0,0,0,0,0,0,0,0,0,0,0
'level22','level29',0,0,0,0,0,0,0,0,0,0,0,0
'level22','level30',0,0,0,0,0,0,0,0,0,0,0,0
'level22','level31',0,0,0,0,0,0,0,0,0,0,0,0
'level22','level32',0,0,0,0,0,0,0,0,0,0,0,0
'level22','level33',0,0,0,0,0,0,0,0,0,0,0,0
'level22','level34',0,0,0,0,0,0,0,0,0,0,0,0
'level22','level35',0,0,0,0,0,0,0,0,0,0,0,0
'level22','level36',0,0,0,0,0,0,0,0,0,0,0,0
'level22','level37',0,0,0,0,0,0,0,0,0,0,0,0
'level22','level38',0,0,0,0,0,0,0,0,0,0,0,0
'level22','level39',0,0,0,0,0,0,0,0,0,0,0,0
'level22','level0',0,0,0,0,0,0,0,0,0,0,0,0
'level22','level1',0,0,0,0,0,0,0,0,0,0,0,0
'level22','level2',0,0,0,0,0,0,0,0,0,0,0,0
'level22','level3',0,0,0,0,0,0,0,0,0,0,0,0
'level22','level4',0,0,0,0,0,0,0,0,0,0,0,0
'level22','level5',0,0,0,0,0,0,0,0,0,0,0,0
'level22','level6',0,0,0,0,0,0,0,0,0,0,0,0
'level22','level7',0,0,0,0,0,0,0,0,0,0,0,0
'level22','level8',0,0,0,0,0,0,0,0,0,0,0,0
'level22','level9',0,0,0,0,0,0,0,0,0,0,0,0
'level22','level10',0,0,0,0,0,0,0,0,0,0,0,0
'level23','b0',0,0,0,0,0,0,0,0,0,0,0,0
'level23','b1',0,0,0,0,0,0,0,0,0,0,0,0
'level23','b2',0,0,0,0,0,0,0,0,0,0,0,0
'level23','b3',0,0,0,0,0,0,0,0,0,0,0,0
'level23','b4',0,0,0,0,0,0,0,0,0,0,0,0
'level23','h0',0,0,0,0,0,0,0,0,0,0,0,0
'level23','h1',0,0,0,0,0,0,0,0,0,0,0,0
'level23','level11',0,0,0,0,0,0,0,0,0,0,0,0
'level23','level12',0,0,0,0,0,0,0,0,0,0,0,0
'level23','level13',0,0,0,0,0,0,0,0,0,0,0,0
'level23','level14',0,0,0,0,0,0,0,0,0,0,0,0
'level23','level15',0,0,0,0,0,0,0,0,0,0,0,0
'level23','level16',0,0,0,0,0,0,0,0,0,0,0,0
'level23','level17',0,0,0,0,0,0,0,0,0,0,0,0
'level23','level18',0,0,0,0,0,0,0,0,0,0,0,0
'level23','level19',0,0,0,0,0,0,0,0,0,0,0,0
'level23','level20',0,0,0,0,0,0,0,0,0,0,0,0
'level23','level21',0,0,0,0,0,0,0,0,0,0,0,0
'level23','level22',0,0,0,0,0,0,0,0,0,0,0,0
'level23','level23',0,0,0,0,0,0,0,0,0,0,0,0
'level23','level24',0,0,0,0,0,0,0,0,0,0,0,0
'level23','level25',0,0,0,0,0,0,0,0,0,0,0,0
'level23','level26',0,0,0,0,0,0,0,0,0,0,0,0
'level23','level27',0,0,0,0,0,0,0,0,0,0,0,0
'level23','level28',0,0,0,0,0,0,0,0,0,0,0,0
'level23','level29',0,0,0,0,0,0,0,0,0,0,0,0
'level23','level30',0,0,0,0,0,0,0,0,0,0,0,0
'level23','level31',0,0,0,0,0,0,0,0,0,0,0,0
'level23','level32',0,0,0,0,0,0,0,0,0,0,0,0
'level23','level33',0,0,0,0,0,0,0,0,0,0,0,0
'level23','level34',0,0,0,0,0,0,0,0,0,0,0,0
'level23','level35',0,0,0,0,0,0,0,0,0,0,0,0
'level23','level36',0,0,0,0,0,0,0,0,0,0,0,0
'level23','level37',0,0,0,0,0,0,0,0,0,0,0,0
'level23','level38',0,0,0,0,0,0,0,0,0,0,0,0
'level23','level39',0,0,0,0,0,0,0,0,0,0,0,0
'level23','level0',0,0,0,0,0,0,0,0,0,0,0,0
'level23','level1',0,0,0,0,0,0,0,0,0,0,0,0
'level23','level2',0,0,0,0,0,0,0,0,0,0,0,0
'level23','level3',0,0,0,0,0,0,0,0,0,0,0,0
'level23','level4',0,0,0,0,0,0,0,0,0,0,0,0
'level23','level5',0,0,0,0,0,0,0,0,0,0,0,0
'level23','level6',0,0,0,0,0,0,0,0,0,0,0,0
'level23','level7',0,0,0,0,0,0,0,0,0,0,0,0
'level23','level8',0,0,0,0,0,0,0,0,0,0,0,0
'level23','level9',0,0,0,0,0,0,0,0,0,0,0,0
'level23','level10',0,0,0,0,0,0,0,0,0,0,0,0
'level24','b0',0,0,0,0,0,0,0,0,0,0,0,0
'level24','b1',0,0,0,0,0,0,0,0,0,0,0,0
'level24','b2',0,0,0,0,0,0,0,0,0,0,0,0
'level24','b3',0,0,0,0,0,0,0,0,0,0,0,0
'level24','b4',0,0,0,0,0,0,0,0,0,0,0,0
'level24','h0',0,0,0,0,0,0,0,0,0,0,0,0
'level24','h1',0,0,0,0,0,0,0,0,0,0,0,0
'level24','level11',0,0,0,0,0,0,0,0,0,0,0,0
'level24','level12',0,0,0,0,0,0,0,0,0,0,0,0
'level24','level13',0,0,0,0,0,0,0,0,0,0,0,0
'level24','level14',0,0,0,0,0,0,0,0,0,0,0,0
'level24','level15',0,0,0,0,0,0,0,0,0,0,0,0
'level24','level16',0,0,0,0,0,0,0,0,0,0,0,0
'level24','level17',0,0,0,0,0,0,0,0,0,0,0,0
'level24','level18',0,0,0,0,0,0,0,0,0,0,0,0
'level24','level19',0,0,0,0,0,0,0,0,0,0,0,0
'level24','level20',0,0,0,0,0,0,0,0,0,0,0,0
'level24','level21',0,0,0,0,0,0,0,0,0,0,0,0
'level24','level22',0,0,0,0,0,0,0,0,0,0,0,0
'level24','level23',0,0,0,0,0,0,0,0,0,0,0,0
'level24','level24',0,0,0,0,0,0,0,0,0,0,0,0
'level24','level25',0,0,0,0,0,0,0,0,0,0,0,0
'level24','level26',0,0,0,0,0,0,0,0,0,0,0,0
'level24','level27',0,0,0,0,0,0,0,0,0,0,0,0
'level24','level28',0,0,0,0,0,0,0,0,0,0,0,0
'level24','level29',0,0,0,0,0,0,0,0,0,0,0,0
'level24','level30',0,0,0,0,0,0,0,0,0,0,0,0
'level24','level31',0,0,0,0,0,0,0,0,0,0,0,0
'level24','level32',0,0,0,0,0,0,0,0,0,0,0,0
'level24','level33',0,0,0,0,0,0,0,0,0,0,0,0
'level24','level34',0,0,0,0,0,0,0,0,0,0,0,0
'level24','level35',0,0,0,0,0,0,0,0,0,0,0,0
'level24','level36',0,0,0,0,0,0,0,0,0,0,0,0
'level24','level37',0,0,0,0,0,0,0,0,0,0,0,0
'level24','level38',0,0,0,0,0,0,0,0,0,0,0,0
'level24','level39',0,0,0,0,0,0,0,0,0,0,0,0
'level24','level0',0,0,0,0,0,0,0,0,0,0,0,0
'level24','level1',0,0,0,0,0,0,0,0,0,0,0,0
'level24','level2',0,0,0,0,0,0,0,0,0,0,0,0
'level24','level3',0,0,0,0,0,0,0,0,0,0,0,0
'level24','level4',0,0,0,0,0,0,0,0,0,0,0,0
'level24','level5',0,0,0,0,0,0,0,0,0,0,0,0
'level24','level6',0,0,0,0,0,0,0,0,0,0,0,0
'level24','level7',0,0,0,0,0,0,0,0,0,0,0,0
'level24','level8',0,0,0,0,0,0,0,0,0,0,0,0
'level24','level9',0,0,0,0,0,0,0,0,0,0,0,0
'level24','level10',0,0,0,0,0,0,0,0,0,0,0,0
'level25','b0',0,0,0,0,0,0,0,0,0,0,0,0
'level25','b1',0,0,0,0,0,0,0,0,0,0,0,0
'level25','b2',0,0,0,0,0,0,0,0,0,0,0,0
'level25','b3',0,0,0,0,0,0,0,0,0,0,0,0
'level25','b4',0,0,0,0,0,0,0,0,0,0,0,0
'level25','h0',0,0,0,0,0,0,0,0,0,0,0,0
'level25','h1',0,0,0,0,0,0,0,0,0,0,0,0
'level25','level11',0,0,0,0,0,0,0,0,0,0,0,0
'level25','level12',0,0,0,0,0,0,0,0,0,0,0,0
'level25','level13',0,0,0,0,0,0,0,0,0,0,0,0
'level25','level14',0,0,0,0,0,0,0,0,0,0,0,0
'level25','level15',0,0,0,0,0,0,0,0,0,0,0,0
'level25','level16',0,0,0,0,0,0,0,0,0,0,0,0
'level25','level17',0,0,0,0,0,0,0,0,0,0,0,0
'level25','level18',0,0,0,0,0,0,0,0,0,0,0,0
'level25','level19',0,0,0,0,0,0,0,0,0,0,0,0
'level25','level20',0,0,0,0,0,0,0,0,0,0,0,0
'level25','level21',0,0,0,0,0,0,0,0,0,0,0,0
'level25','level22',0,0,0,0,0,0,0,0,0,0,0,0
'level25','level23',0,0,0,0,0,0,0,0,0,0,0,0
'level25','level24',0,0,0,0,0,0,0,0,0,0,0,0
'level25','level25',0,0,0,0,0,0,0,0,0,0,0,0
'level25','level26',0,0,0,0,0,0,0,0,0,0,0,0
'level25','level27',0,0,0,0,0,0,0,0,0,0,0,0
'level25','level28',0,0,0,0,0,0,0,0,0,0,0,0
'level25','level29',0,0,0,0,0,0,0,0,0,0,0,0
'level25','level30',0,0,0,0,0,0,0,0,0,0,0,0
'level25','level31',0,0,0,0,0,0,0,0,0,0,0,0
'level25','level32',0,0,0,0,0,0,0,0,0,0,0,0
'level25','level33',0,0,0,0,0,0,0,0,0,0,0,0
'level25','level34',0,0,0,0,0,0,0,0,0,0,0,0
'level25','level35',0,0,0,0,0,0,0,0,0,0,0,0
'level25','level36',0,0,0,0,0,0,0,0,0,0,0,0
'level25','level37',0,0,0,0,0,0,0,0,0,0,0,0
'level25','level38',0,0,0,0,0,0,0,0,0,0,0,0
'level25','level39',0,0,0,0,0,0,0,0,0,0,0,0
'level25','level0',0,0,0,0,0,0,0,0,0,0,0,0
'level25','level1',0,0,0,0,0,0,0,0,0,0,0,0
'level25','level2',0,0,0,0,0,0,0,0,0,0,0,0
'level25','level3',0,0,0,0,0,0,0,0,0,0,0,0
'level25','level4',0,0,0,0,0,0,0,0,0,0,0,0
'level25','level5',0,0,0,0,0,0,0,0,0,0,0,0
'level25','level6',0,0,0,0,0,0,0,0,0,0,0,0
'level25','level7',0,0,0,0,0,0,0,0,0,0,0,0
'level25','level8',0,0,0,0,0,0,0,0,0,0,0,0
'level25','level9',0,0,0,0,0,0,0,0,0,0,0,0
'level25','level10',0,0,0,0,0,0,0,0,0,0,0,0
'level26','b0',0,0,0,0,0,0,0,0,0,0,0,0
'level26','b1',0,0,0,0,0,0,0,0,0,0,0,0
'level26','b2',0,0,0,0,0,0,0,0,0,0,0,0
'level26','b3',0,0,0,0,0,0,0,0,0,0,0,0
'level26','b4',0,0,0,0,0,0,0,0,0,0,0,0
'level26','h0',0,0,0,0,0,0,0,0,0,0,0,0
'level26','h1',0,0,0,0,0,0,0,0,0,0,0,0
'level26','level11',0,0,0,0,0,0,0,0,0,0,0,0
'level26','level12',0,0,0,0,0,0,0,0,0,0,0,0
'level26','level13',0,0,0,0,0,0,0,0,0,0,0,0
'level26','level14',0,0,0,0,0,0,0,0,0,0,0,0
'level26','level15',0,0,0,0,0,0,0,0,0,0,0,0
'level26','level16',0,0,0,0,0,0,0,0,0,0,0,0
'level26','level17',0,0,0,0,0,0,0,0,0,0,0,0
'level26','level18',0,0,0,0,0,0,0,0,0,0,0,0
'level26','level19',0,0,0,0,0,0,0,0,0,0,0,0
'level26','level20',0,0,0,0,0,0,0,0,0,0,0,0
'level26','level21',0,0,0,0,0,0,0,0,0,0,0,0
'level26','level22',0,0,0,0,0,0,0,0,0,0,0,0
'level26','level23',0,0,0,0,0,0,0,0,0,0,0,0
'level26','level24',0,0,0,0,0,0,0,0,0,0,0,0
'level26','level25',0,0,0,0,0,0,0,0,0,0,0,0
'level26','level26',0,0,0,0,0,0,0,0,0,0,0,0
'level26','level27',0,0,0,0,0,0,0,0,0,0,0,0
'level26','level28',0,0,0,0,0,0,0,0,0,0,0,0
'level26','level29',0,0,0,0,0,0,0,0,0,0,0,0
'level26','level30',0,0,0,0,0,0,0,0,0,0,0,0
'level26','level31',0,0,0,0,0,0,0,0,0,0,0,0
'level26','level32',0,0,0,0,0,0,0,0,0,0,0,0
'level26','level33',0,0,0,0,0,0,0,0,0,0,0,0
'level26','level34',0,0,0,0,0,0,0,0,0,0,0,0
'level26','level35',0,0,0,0,0,0,0,0,0,0,0,0
'level26','level36',0,0,0,0,0,0,0,0,0,0,0,0
'level26','level37',0,0,0,0,0,0,0,0,0,0,0,0
'level26','level38',0,0,0,0,0,0,0,0,0,0,0,0
'level26','level39',0,0,0,0,0,0,0,0,0,0,0,0
'level26','level0',0,0,0,0,0,0,0,0,0,0,0,0
'level26','level1',0,0,0,0,0,0,0,0,0,0,0,0
'level26','level2',0,0,0,0,0,0,0,0,0,0,0,0
'level26','level3',0,0,0,0,0,0,0,0,0,0,0,0
'level26','level4',0,0,0,0,0,0,0,0,0,0,0,0
'level26','level5',0,0,0,0,0,0,0,0,0,0,0,0
'level26','level6',0,0,0,0,0,0,0,0,0,0,0,0
'level26','level7',0,0,0,0,0,0,0,0,0,0,0,0
'level26','level8',0,0,0,0,0,0,0,0,0,0,0,0
'level26','level9',0,0,0,0,0,0,0,0,0,0,0,0
'level26','level10',0,0,0,0,0,0,0,0,0,0,0,0
'level27','b0',0,0,0,0,0,0,0,0,0,0,0,0
'level27','b1',0,0,0,0,0,0,0,0,0,0,0,0
'level27','b2',0,0,0,0,0,0,0,0,0,0,0,0
'level27','b3',0,0,0,0,0,0,0,0,0,0,0,0
'level27','b4',0,0,0,0,0,0,0,0,0,0,0,0
'level27','h0',0,0,0,0,0,0,0,0,0,0,0,0
'level27','h1',0,0,0,0,0,0,0,0,0,0,0,0
'level27','level11',0,0,0,0,0,0,0,0,0,0,0,0
'level27','level12',0,0,0,0,0,0,0,0,0,0,0,0
'level27','level13',0,0,0,0,0,0,0,0,0,0,0,0
'level27','level14',0,0,0,0,0,0,0,0,0,0,0,0
'level27','level15',0,0,0,0,0,0,0,0,0,0,0,0
'level27','level16',0,0,0,0,0,0,0,0,0,0,0,0
'level27','level17',0,0,0,0,0,0,0,0,0,0,0,0
'level27','level18',0,0,0,0,0,0,0,0,0,0,0,0
'level27','level19',0,0,0,0,0,0,0,0,0,0,0,0
'level27','level20',0,0,0,0,0,0,0,0,0,0,0,0
'level27','level21',0,0,0,0,0,0,0,0,0,0,0,0
'level27','level22',0,0,0,0,0,0,0,0,0,0,0,0
'level27','level23',0,0,0,0,0,0,0,0,0,0,0,0
'level27','level24',0,0,0,0,0,0,0,0,0,0,0,0
'level27','level25',0,0,0,0,0,0,0,0,0,0,0,0
'level27','level26',0,0,0,0,0,0,0,0,0,0,0,0
'level27','level27',0,0,0,0,0,0,0,0,0,0,0,0
'level27','level28',0,0,0,0,0,0,0,0,0,0,0,0
'level27','level29',0,0,0,0,0,0,0,0,0,0,0,0
'level27','level30',0,0,0,0,0,0,0,0,0,0,0,0
'level27','level31',0,0,0,0,0,0,0,0,0,0,0,0
'level27','level32',0,0,0,0,0,0,0,0,0,0,0,0
'level27','level33',0,0,0,0,0,0,0,0,0,0,0,0
'level27','level34',0,0,0,0,0,0,0,0,0,0,0,0
'level27','level35',0,0,0,0,0,0,0,0,0,0,0,0
'level27','level36',0,0,0,0,0,0,0,0,0,0,0,0
'level27','level37',0,0,0,0,0,0,0,0,0,0,0,0
'level27','level38',0,0,0,0,0,0,0,0,0,0,0,0
'level27','level39',0,0,0,0,0,0,0,0,0,0,0,0
'level27','level0',0,0,0,0,0,0,0,0,0,0,0,0
'level27','level1',0,0,0,0,0,0,0,0,0,0,0,0
'level27','level2',0,0,0,0,0,0,0,0,0,0,0,0
'level27','level3',0,0,0,0,0,0,0,0,0,0,0,0
'level27','level4',0,0,0,0,0,0,0,0,0,0,0,0
'level27','level5',0,0,0,0,0,0,0,0,0,0,0,0
'level27','level6',0,0,0,0,0,0,0,0,0,0,0,0
'level27','level7',0,0,0,0,0,0,0,0,0,0,0,0
'level27','level8',0,0,0,0,0,0,0,0,0,0,0,0
'level27','level9',0,0,0,0,0,0,0,0,0,0,0,0
'level27','level10',0,0,0,0,0,0,0,0,0,0,0,0
'level28','b0',0,0,0,0,0,0,0,0,0,0,0,0
'level28','b1',0,0,0,0,0,0,0,0,0,0,0,0
'level28','b2',0,0,0,0,0,0,0,0,0,0,0,0
'level28','b3',0,0,0,0,0,0,0,0,0,0,0,0
'level28','b4',0,0,0,0,0,0,0,0,0,0,0,0
'level28','h0',0,0,0,0,0,0,0,0,0,0,0,0
'level28','h1',0,0,0,0,0,0,0,0,0,0,0,0
'level28','level11',0,0,0,0,0,0,0,0,0,0,0,0
'level28','level12',0,0,0,0,0,0,0,0,0,0,0,0
'level28','level13',0,0,0,0,0,0,0,0,0,0,0,0
'level28','level14',0,0,0,0,0,0,0,0,0,0,0,0
'level28','level15',0,0,0,0,0,0,0,0,0,0,0,0
'level28','level16',0,0,0,0,0,0,0,0,0,0,0,0
'level28','level17',0,0,0,0,0,0,0,0,0,0,0,0
'level28','level18',0,0,0,0,0,0,0,0,0,0,0,0
'level28','level19',0,0,0,0,0,0,0,0,0,0,0,0
'level28','level20',0,0,0,0,0,0,0,0,0,0,0,0
'level28','level21',0,0,0,0,0,0,0,0,0,0,0,0
'level28','level22',0,0,0,0,0,0,0,0,0,0,0,0
'level28','level23',0,0,0,0,0,0,0,0,0,0,0,0
'level28','level24',0,0,0,0,0,0,0,0,0,0,0,0
'level28','level25',0,0,0,0,0,0,0,0,0,0,0,0
'level28','level26',0,0,0,0,0,0,0,0,0,0,0,0
'level28','level27',0,0,0,0,0,0,0,0,0,0,0,0
'level28','level28',0,0,0,0,0,0,0,0,0,0,0,0
'level28','level29',0,0,0,0,0,0,0,0,0,0,0,0
'level28','level30',0,0,0,0,0,0,0,0,0,0,0,0
'level28','level31',0,0,0,0,0,0,0,0,0,0,0,0
'level28','level32',0,0,0,0,0,0,0,0,0,0,0,0
'level28','level33',0,0,0,0,0,0,0,0,0,0,0,0
'level28','level34',0,0,0,0,0,0,0,0,0,0,0,0
'level28','level35',0,0,0,0,0,0,0,0,0,0,0,0
'level28','level36',0,0,0,0,0,0,0,0,0,0,0,0
'level28','level37',0,0,0,0,0,0,0,0,0,0,0,0
'level28','level38',0,0,0,0,0,0,0,0,0,0,0,0
'level28','level39',0,0,0,0,0,0,0,0,0,0,0,0
'level28','level0',0,0,0,0,0,0,0,0,0,0,0,0
'level28','level1',0,0,0,0,0,0,0,0,0,0,0,0
'level28','level2',0,0,0,0,0,0,0,0,0,0,0,0
'level28','level3',0,0,0,0,0,0,0,0,0,0,0,0
'level28','level4',0,0,0,0,0,0,0,0,0,0,0,0
'level28','level5',0,0,0,0,0,0,0,0,0,0,0,0
'level28','level6',0,0,0,0,0,0,0,0,0,0,0,0
'level28','level7',0,0,0,0,0,0,0,0,0,0,0,0
'level28','level8',0,0,0,0,0,0,0,0,0,0,0,0
'level28','level9',0,0,0,0,0,0,0,0,0,0,0,0
'level28','level10',0,0,0,0,0,0,0,0,0,0,0,0
'level29','b0',0,0,0,0,0,0,0,0,0,0,0,0
'level29','b1',0,0,0,0,0,0,0,0,0,0,0,0
'level29','b2',0,0,0,0,0,0,0,0,0,0,0,0
'level29','b3',0,0,0,0,0,0,0,0,0,0,0,0
'level29','b4',0,0,0,0,0,0,0,0,0,0,0,0
'level29','h0',0,0,0,0,0,0,0,0,0,0,0,0
'level29','h1',0,0,0,0,0,0,0,0,0,0,0,0
'level29','level11',0,0,0,0,0,0,0,0,0,0,0,0
'level29','level12',0,0,0,0,0,0,0,0,0,0,0,0
'level29','level13',0,0,0,0,0,0,0,0,0,0,0,0
'level29','level14',0,0,0,0,0,0,0,0,0,0,0,0
'level29','level15',0,0,0,0,0,0,0,0,0,0,0,0
'level29','level16',0,0,0,0,0,0,0,0,0,0,0,0
'level29','level17',0,0,0,0,0,0,0,0,0,0,0,0
'level29','level18',0,0,0,0,0,0,0,0,0,0,0,0
'level29','level19',0,0,0,0,0,0,0,0,0,0,0,0
'level29','level20',0,0,0,0,0,0,0,0,0,0,0,0
'level29','level21',0,0,0,0,0,0,0,0,0,0,0,0
'level29','level22',0,0,0,0,0,0,0,0,0,0,0,0
'level29','level23',0,0,0,0,0,0,0,0,0,0,0,0
'level29','level24',0,0,0,0,0,0,0,0,0,0,0,0
'level29','level25',0,0,0,0,0,0,0,0,0,0,0,0
'level29','level26',0,0,0,0,0,0,0,0,0,0,0,0
'level29','level27',0,0,0,0,0,0,0,0,0,0,0,0
'level29','level28',0,0,0,0,0,0,0,0,0,0,0,0
'level29','level29',0,0,0,0,0,0,0,0,0,0,0,0
'level29','level30',0,0,0,0,0,0,0,0,0,0,0,0
'level29','level31',0,0,0,0,0,0,0,0,0,0,0,0
'level29','level32',0,0,0,0,0,0,0,0,0,0,0,0
'level29','level33',0,0,0,0,0,0,0,0,0,0,0,0
'level29','level34',0,0,0,0,0,0,0,0,0,0,0,0
'level29','level35',0,0,0,0,0,0,0,0,0,0,0,0
'level29','level36',0,0,0,0,0,0,0,0,0,0,0,0
'level29','level37',0,0,0,0,0,0,0,0,0,0,0,0
'level29','level38',0,0,0,0,0,0,0,0,0,0,0,0
'level29','level39',0,0,0,0,0,0,0,0,0,0,0,0
'level29','level0',0,0,0,0,0,0,0,0,0,0,0,0
'level29','level1',0,0,0,0,0,0,0,0,0,0,0,0
'level29','level2',0,0,0,0,0,0,0,0,0,0,0,0
'level29','level3',0,0,0,0,0,0,0,0,0,0,0,0
'level29','level4',0,0,0,0,0,0,0,0,0,0,0,0
'level29','level5',0,0,0,0,0,0,0,0,0,0,0,0
'level29','level6',0,0,0,0,0,0,0,0,0,0,0,0
'level29','level7',0,0,0,0,0,0,0,0,0,0,0,0
'level29','level8',0,0,0,0,0,0,0,0,0,0,0,0
'level29','level9',0,0,0,0,0,0,0,0,0,0,0,0
'level29','level10',0,0,0,0,0,0,0,0,0,0,0,0
'level30','b0',0,0,0,0,0,0,0,0,0,0,0,0
'level30','b1',0,0,0,0,0,0,0,0,0,0,0,0
'level30','b2',0,0,0,0,0,0,0,0,0,0,0,0
'level30','b3',0,0,0,0,0,0,0,0,0,0,0,0
'level30','b4',0,0,0,0,0,0,0,0,0,0,0,0
'level30','h0',0,0,0,0,0,0,0,0,0,0,0,0
'level30','h1',0,0,0,0,0,0,0,0,0,0,0,0
'level30','level11',0,0,0,0,0,0,0,0,0,0,0,0
'level30','level12',0,0,0,0,0,0,0,0,0,0,0,0
'level30','level13',0,0,0,0,0,0,0,0,0,0,0,0
'level30','level14',0,0,0,0,0,0,0,0,0,0,0,0
'level30','level15',0,0,0,0,0,0,0,0,0,0,0,0
'level30','level16',0,0,0,0,0,0,0,0,0,0,0,0
'level30','level17',0,0,0,0,0,0,0,0,0,0,0,0
'level30','level18',0,0,0,0,0,0,0,0,0,0,0,0
'level30','level19',0,0,0,0,0,0,0,0,0,0,0,0
'level30','level20',0,0,0,0,0,0,0,0,0,0,0,0
'level30','level21',0,0,0,0,0,0,0,0,0,0,0,0
'level30','level22',0,0,0,0,0,0,0,0,0,0,0,0
'level30','level23',0,0,0,0,0,0,0,0,0,0,0,0
'level30','level24',0,0,0,0,0,0,0,0,0,0,0,0
'level30','level25',0,0,0,0,0,0,0,0,0,0,0,0
'level30','level26',0,0,0,0,0,0,0,0,0,0,0,0
'level30','level27',0,0,0,0,0,0,0,0,0,0,0,0
'level30','level28',0,0,0,0,0,0,0,0,0,0,0,0
'level30','level29',0,0,0,0,0,0,0,0,0,0,0,0
'level30','level30',0,0,0,0,0,0,0,0,0,0,0,0
'level30','level31',0,0,0,0,0,0,0,0,0,0,0,0
'level30','level32',0,0,0,0,0,0,0,0,0,0,0,0
'level30','level33',0,0,0,0,0,0,0,0,0,0,0,0
'level30','level34',0,0,0,0,0,0,0,0,0,0,0,0
'level30','level35',0,0,0,0,0,0,0,0,0,0,0,0
'level30','level36',0,0,0,0,0,0,0,0,0,0,0,0
'level30','level37',0,0,0,0,0,0,0,0,0,0,0,0
'level30','level38',0,0,0,0,0,0,0,0,0,0,0,0
'level30','level39',0,0,0,0,0,0,0,0,0,0,0,0
'level30','level0',0,0,0,0,0,0,0,0,0,0,0,0
'level30','level1',0,0,0,0,0,0,0,0,0,0,0,0
'level30','level2',0,0,0,0,0,0,0,0,0,0,0,0
'level30','level3',0,0,0,0,0,0,0,0,0,0,0,0
'level30','level4',0,0,0,0,0,0,0,0,0,0,0,0
'level30','level5',0,0,0,0,0,0,0,0,0,0,0,0
'level30','level6',0,0,0,0,0,0,0,0,0,0,0,0
'level30','level7',0,0,0,0,0,0,0,0,0,0,0,0
'level30','level8',0,0,0,0,0,0,0,0,0,0,0,0
'level30','level9',0,0,0,0,0,0,0,0,0,0,0,0
'level30','level10',0,0,0,0,0,0,0,0,0,0,0,0
'level31','b0',0,0,0,0,0,0,0,0,0,0,0,0
'level31','b1',0,0,0,0,0,0,0,0,0,0,0,0
'level31','b2',0,0,0,0,0,0,0,0,0,0,0,0
'level31','b3',0,0,0,0,0,0,0,0,0,0,0,0
'level31','b4',0,0,0,0,0,0,0,0,0,0,0,0
'level31','h0',0,0,0,0,0,0,0,0,0,0,0,0
'level31','h1',0,0,0,0,0,0,0,0,0,0,0,0
'level31','level11',0,0,0,0,0,0,0,0,0,0,0,0
'level31','level12',0,0,0,0,0,0,0,0,0,0,0,0
'level31','level13',0,0,0,0,0,0,0,0,0,0,0,0
'level31','level14',0,0,0,0,0,0,0,0,0,0,0,0
'level31','level15',0,0,0,0,0,0,0,0,0,0,0,0
'level31','level16',0,0,0,0,0,0,0,0,0,0,0,0
'level31','level17',0,0,0,0,0,0,0,0,0,0,0,0
'level31','level18',0,0,0,0,0,0,0,0,0,0,0,0
'level31','level19',0,0,0,0,0,0,0,0,0,0,0,0
'level31','level20',0,0,0,0,0,0,0,0,0,0,0,0
'level31','level21',0,0,0,0,0,0,0,0,0,0,0,0
'level31','level22',0,0,0,0,0,0,0,0,0,0,0,0
'level31','level23',0,0,0,0,0,0,0,0,0,0,0,0
'level31','level24',0,0,0,0,0,0,0,0,0,0,0,0
'level31','level25',0,0,0,0,0,0,0,0,0,0,0,0
'level31','level26',0,0,0,0,0,0,0,0,0,0,0,0
'level31','level27',0,0,0,0,0,0,0,0,0,0,0,0
'level31','level28',0,0,0,0,0,0,0,0,0,0,0,0
'level31','level29',0,0,0,0,0,0,0,0,0,0,0,0
'level31','level30',0,0,0,0,0,0,0,0,0,0,0,0
'level31','level31',0,0,0,0,0,0,0,0,0,0,0,0
'level31','level32',0,0,0,0,0,0,0,0,0,0,0,0
'level31','level33',0,0,0,0,0,0,0,0,0,0,0,0
'level31','level34',0,0,0,0,0,0,0,0,0,0,0,0
'level31','level35',0,0,0,0,0,0,0,0,0,0,0,0
'level31','level36',0,0,0,0,0,0,0,0,0,0,0,0
'level31','level37',0,0,0,0,0,0,0,0,0,0,0,0
'level31','level38',0,0,0,0,0,0,0,0,0,0,0,0
'level31','level39',0,0,0,0,0,0,0,0,0,0,0,0
'level31','level0',0,0,0,0,0,0,0,0,0,0,0,0
'level31','level1',0,0,0,0,0,0,0,0,0,0,0,0
'level31','level2',0,0,0,0,0,0,0,0,0,0,0,0
'level31','level3',0,0,0,0,0,0,0,0,0,0,0,0
'level31','level4',0,0,0,0,0,0,0,0,0,0,0,0
'level31','level5',0,0,0,0,0,0,0,0,0,0,0,0
'level31','level6',0,0,0,0,0,0,0,0,0,0,0,0
'level31','level7',0,0,0,0,0,0,0,0,0,0,0,0
'level31','level8',0,0,0,0,0,0,0,0,0,0,0,0
'level31','level9',0,0,0,0,0,0,0,0,0,0,0,0
'level31','level10',0,0,0,0,0,0,0,0,0,0,0,0
'level32','b0',0,0,0,0,0,0,0,0,0,0,0,0
'level32','b1',0,0,0,0,0,0,0,0,0,0,0,0
'level32','b2',0,0,0,0,0,0,0,0,0,0,0,0
'level32','b3',0,0,0,0,0,0,0,0,0,0,0,0
'level32','b4',0,0,0,0,0,0,0,0,0,0,0,0
'level32','h0',0,0,0,0,0,0,0,0,0,0,0,0
'level32','h1',0,0,0,0,0,0,0,0,0,0,0,0
'level32','level11',0,0,0,0,0,0,0,0,0,0,0,0
'level32','level12',0,0,0,0,0,0,0,0,0,0,0,0
'level32','level13',0,0,0,0,0,0,0,0,0,0,0,0
'level32','level14',0,0,0,0,0,0,0,0,0,0,0,0
'level32','level15',0,0,0,0,0,0,0,0,0,0,0,0
'level32','level16',0,0,0,0,0,0,0,0,0,0,0,0
'level32','level17',0,0,0,0,0,0,0,0,0,0,0,0
'level32','level18',0,0,0,0,0,0,0,0,0,0,0,0
'level32','level19',0,0,0,0,0,0,0,0,0,0,0,0
'level32','level20',0,0,0,0,0,0,0,0,0,0,0,0
'level32','level21',0,0,0,0,0,0,0,0,0,0,0,0
'level32','level22',0,0,0,0,0,0,0,0,0,0,0,0
'level32','level23',0,0,0,0,0,0,0,0,0,0,0,0
'level32','level24',0,0,0,0,0,0,0,0,0,0,0,0
'level32','level25',0,0,0,0,0,0,0,0,0,0,0,0
'level32','level26',0,0,0,0,0,0,0,0,0,0,0,0
'level32','level27',0,0,0,0,0,0,0,0,0,0,0,0
'level32','level28',0,0,0,0,0,0,0,0,0,0,0,0
'level32','level29',0,0,0,0,0,0,0,0,0,0,0,0
'level32','level30',0,0,0,0,0,0,0,0,0,0,0,0
'level32','level31',0,0,0,0,0,0,0,0,0,0,0,0
'level32','level32',0,0,0,0,0,0,0,0,0,0,0,0
'level32','level33',0,0,0,0,0,0,0,0,0,0,0,0
'level32','level34',0,0,0,0,0,0,0,0,0,0,0,0
'level32','level35',0,0,0,0,0,0,0,0,0,0,0,0
'level32','level36',0,0,0,0,0,0,0,0,0,0,0,0
'level32','level37',0,0,0,0,0,0,0,0,0,0,0,0
'level32','level38',0,0,0,0,0,0,0,0,0,0,0,0
'level32','level39',0,0,0,0,0,0,0,0,0,0,0,0
'level32','level0',0,0,0,0,0,0,0,0,0,0,0,0
'level32','level1',0,0,0,0,0,0,0,0,0,0,0,0
'level32','level2',0,0,0,0,0,0,0,0,0,0,0,0
'level32','level3',0,0,0,0,0,0,0,0,0,0,0,0
'level32','level4',0,0,0,0,0,0,0,0,0,0,0,0
'level32','level5',0,0,0,0,0,0,0,0,0,0,0,0
'level32','level6',0,0,0,0,0,0,0,0,0,0,0,0
'level32','level7',0,0,0,0,0,0,0,0,0,0,0,0
'level32','level8',0,0,0,0,0,0,0,0,0,0,0,0
'level32','level9',0,0,0,0,0,0,0,0,0,0,0,0
'level32','level10',0,0,0,0,0,0,0,0,0,0,0,0
'level33','b0',0,0,0,0,0,0,0,0,0,0,0,0
'level33','b1',0,0,0,0,0,0,0,0,0,0,0,0
'level33','b2',0,0,0,0,0,0,0,0,0,0,0,0
'level33','b3',0,0,0,0,0,0,0,0,0,0,0,0
'level33','b4',0,0,0,0,0,0,0,0,0,0,0,0
'level33','h0',0,0,0,0,0,0,0,0,0,0,0,0
'level33','h1',0,0,0,0,0,0,0,0,0,0,0,0
'level33','level11',0,0,0,0,0,0,0,0,0,0,0,0
'level33','level12',0,0,0,0,0,0,0,0,0,0,0,0
'level33','level13',0,0,0,0,0,0,0,0,0,0,0,0
'level33','level14',0,0,0,0,0,0,0,0,0,0,0,0
'level33','level15',0,0,0,0,0,0,0,0,0,0,0,0
'level33','level16',0,0,0,0,0,0,0,0,0,0,0,0
'level33','level17',0,0,0,0,0,0,0,0,0,0,0,0
'level33','level18',0,0,0,0,0,0,0,0,0,0,0,0
'level33','level19',0,0,0,0,0,0,0,0,0,0,0,0
'level33','level20',0,0,0,0,0,0,0,0,0,0,0,0
'level33','level21',0,0,0,0,0,0,0,0,0,0,0,0
'level33','level22',0,0,0,0,0,0,0,0,0,0,0,0
'level33','level23',0,0,0,0,0,0,0,0,0,0,0,0
'level33','level24',0,0,0,0,0,0,0,0,0,0,0,0
'level33','level25',0,0,0,0,0,0,0,0,0,0,0,0
'level33','level26',0,0,0,0,0,0,0,0,0,0,0,0
'level33','level27',0,0,0,0,0,0,0,0,0,0,0,0
'level33','level28',0,0,0,0,0,0,0,0,0,0,0,0
'level33','level29',0,0,0,0,0,0,0,0,0,0,0,0
'level33','level30',0,0,0,0,0,0,0,0,0,0,0,0
'level33','level31',0,0,0,0,0,0,0,0,0,0,0,0
'level33','level32',0,0,0,0,0,0,0,0,0,0,0,0
'level33','level33',0,0,0,0,0,0,0,0,0,0,0,0
'level33','level34',0,0,0,0,0,0,0,0,0,0,0,0
'level33','level35',0,0,0,0,0,0,0,0,0,0,0,0
'level33','level36',0,0,0,0,0,0,0,0,0,0,0,0
'level33','level37',0,0,0,0,0,0,0,0,0,0,0,0
'level33','level38',0,0,0,0,0,0,0,0,0,0,0,0
'level33','level39',0,0,0,0,0,0,0,0,0,0,0,0
'level33','level0',0,0,0,0,0,0,0,0,0,0,0,0
'level33','level1',0,0,0,0,0,0,0,0,0,0,0,0
'level33','level2',0,0,0,0,0,0,0,0,0,0,0,0
'level33','level3',0,0,0,0,0,0,0,0,0,0,0,0
'level33','level4',0,0,0,0,0,0,0,0,0,0,0,0
'level33','level5',0,0,0,0,0,0,0,0,0,0,0,0
'level33','level6',0,0,0,0,0,0,0,0,0,0,0,0
'level33','level7',0,0,0,0,0,0,0,0,0,0,0,0
'level33','level8',0,0,0,0,0,0,0,0,0,0,0,0
'level33','level9',0,0,0,0,0,0,0,0,0,0,0,0
'level33','level10',0,0,0,0,0,0,0,0,0,0,0,0
'level34','b0',0,0,0,0,0,0,0,0,0,0,0,0
'level34','b1',0,0,0,0,0,0,0,0,0,0,0,0
'level34','b2',0,0,0,0,0,0,0,0,0,0,0,0
'level34','b3',0,0,0,0,0,0,0,0,0,0,0,0
'level34','b4',0,0,0,0,0,0,0,0,0,0,0,0
'level34','h0',0,0,0,0,0,0,0,0,0,0,0,0
'level34','h1',0,0,0,0,0,0,0,0,0,0,0,0
'level34','level11',0,0,0,0,0,0,0,0,0,0,0,0
'level34','level12',0,0,0,0,0,0,0,0,0,0,0,0
'level34','level13',0,0,0,0,0,0,0,0,0,0,0,0
'level34','level14',0,0,0,0,0,0,0,0,0,0,0,0
'level34','level15',0,0,0,0,0,0,0,0,0,0,0,0
'level34','level16',0,0,0,0,0,0,0,0,0,0,0,0
'level34','level17',0,0,0,0,0,0,0,0,0,0,0,0
'level34','level18',0,0,0,0,0,0,0,0,0,0,0,0
'level34','level19',0,0,0,0,0,0,0,0,0,0,0,0
'level34','level20',0,0,0,0,0,0,0,0,0,0,0,0
'level34','level21',0,0,0,0,0,0,0,0,0,0,0,0
'level34','level22',0,0,0,0,0,0,0,0,0,0,0,0
'level34','level23',0,0,0,0,0,0,0,0,0,0,0,0
'level34','level24',0,0,0,0,0,0,0,0,0,0,0,0
'level34','level25',0,0,0,0,0,0,0,0,0,0,0,0
'level34','level26',0,0,0,0,0,0,0,0,0,0,0,0
'level34','level27',0,0,0,0,0,0,0,0,0,0,0,0
'level34','level28',0,0,0,0,0,0,0,0,0,0,0,0
'level34','level29',0,0,0,0,0,0,0,0,0,0,0,0
'level34','level30',0,0,0,0,0,0,0,0,0,0,0,0
'level34','level31',0,0,0,0,0,0,0,0,0,0,0,0
'level34','level32',0,0,0,0,0,0,0,0,0,0,0,0
'level34','level33',0,0,0,0,0,0,0,0,0,0,0,0
'level34','level34',0,0,0,0,0,0,0,0,0,0,0,0
'level34','level35',0,0,0,0,0,0,0,0,0,0,0,0
'level34','level36',0,0,0,0,0,0,0,0,0,0,0,0
'level34','level37',0,0,0,0,0,0,0,0,0,0,0,0
'level34','level38',0,0,0,0,0,0,0,0,0,0,0,0
'level34','level39',0,0,0,0,0,0,0,0,0,0,0,0
'level34','level0',0,0,0,0,0,0,0,0,0,0,0,0
'level34','level1',0,0,0,0,0,0,0,0,0,0,0,0
'level34','level2',0,0,0,0,0,0,0,0,0,0,0,0
'level34','level3',0,0,0,0,0,0,0,0,0,0,0,0
'level34','level4',0,0,0,0,0,0,0,0,0,0,0,0
'level34','level5',0,0,0,0,0,0,0,0,0,0,0,0
'level34','level6',0,0,0,0,0,0,0,0,0,0,0,0
'level34','level7',0,0,0,0,0,0,0,0,0,0,0,0
'level34','level8',0,0,0,0,0,0,0,0,0,0,0,0
'level34','level9',0,0,0,0,0,0,0,0,0,0,0,0
'level34','level10',0,0,0,0,0,0,0,0,0,0,0,0
'level35','b0',0,0,0,0,0,0,0,0,0,0,0,0
'level35','b1',0,0,0,0,0,0,0,0,0,0,0,0
'level35','b2',0,0,0,0,0,0,0,0,0,0,0,0
'level35','b3',0,0,0,0,0,0,0,0,0,0,0,0
'level35','b4',0,0,0,0,0,0,0,0,0,0,0,0
'level35','h0',0,0,0,0,0,0,0,0,0,0,0,0
'level35','h1',0,0,0,0,0,0,0,0,0,0,0,0
'level35','level11',0,0,0,0,0,0,0,0,0,0,0,0
'level35','level12',0,0,0,0,0,0,0,0,0,0,0,0
'level35','level13',0,0,0,0,0,0,0,0,0,0,0,0
'level35','level14',0,0,0,0,0,0,0,0,0,0,0,0
'level35','level15',0,0,0,0,0,0,0,0,0,0,0,0
'level35','level16',0,0,0,0,0,0,0,0,0,0,0,0
'level35','level17',0,0,0,0,0,0,0,0,0,0,0,0
'level35','level18',0,0,0,0,0,0,0,0,0,0,0,0
'level35','level19',0,0,0,0,0,0,0,0,0,0,0,0
'level35','level20',0,0,0,0,0,0,0,0,0,0,0,0
'level35','level21',0,0,0,0,0,0,0,0,0,0,0,0
'level35','level22',0,0,0,0,0,0,0,0,0,0,0,0
'level35','level23',0,0,0,0,0,0,0,0,0,0,0,0
'level35','level24',0,0,0,0,0,0,0,0,0,0,0,0
'level35','level25',0,0,0,0,0,0,0,0,0,0,0,0
'level35','level26',0,0,0,0,0,0,0,0,0,0,0,0
'level35','level27',0,0,0,0,0,0,0,0,0,0,0,0
'level35','level28',0,0,0,0,0,0,0,0,0,0,0,0
'level35','level29',0,0,0,0,0,0,0,0,0,0,0,0
'level35','level30',0,0,0,0,0,0,0,0,0,0,0,0
'level35','level31',0,0,0,0,0,0,0,0,0,0,0,0
'level35','level32',0,0,0,0,0,0,0,0,0,0,0,0
'level35','level33',0,0,0,0,0,0,0,0,0,0,0,0
'level35','level34',0,0,0,0,0,0,0,0,0,0,0,0
'level35','level35',0,0,0,0,0,0,0,0,0,0,0,0
'level35','level36',0,0,0,0,0,0,0,0,0,0,0,0
'level35','level37',0,0,0,0,0,0,0,0,0,0,0,0
'level35','level38',0,0,0,0,0,0,0,0,0,0,0,0
'level35','level39',0,0,0,0,0,0,0,0,0,0,0,0
'level35','level0',0,0,0,0,0,0,0,0,0,0,0,0
'level35','level1',0,0,0,0,0,0,0,0,0,0,0,0
'level35','level2',0,0,0,0,0,0,0,0,0,0,0,0
'level35','level3',0,0,0,0,0,0,0,0,0,0,0,0
'level35','level4',0,0,0,0,0,0,0,0,0,0,0,0
'level35','level5',0,0,0,0,0,0,0,0,0,0,0,0
'level35','level6',0,0,0,0,0,0,0,0,0,0,0,0
'level35','level7',0,0,0,0,0,0,0,0,0,0,0,0
'level35','level8',0,0,0,0,0,0,0,0,0,0,0,0
'level35','level9',0,0,0,0,0,0,0,0,0,0,0,0
'level35','level10',0,0,0,0,0,0,0,0,0,0,0,0
'level36','b0',0,0,0,0,0,0,0,0,0,0,0,0
'level36','b1',0,0,0,0,0,0,0,0,0,0,0,0
'level36','b2',0,0,0,0,0,0,0,0,0,0,0,0
'level36','b3',0,0,0,0,0,0,0,0,0,0,0,0
'level36','b4',0,0,0,0,0,0,0,0,0,0,0,0
'level36','h0',0,0,0,0,0,0,0,0,0,0,0,0
'level36','h1',0,0,0,0,0,0,0,0,0,0,0,0
'level36','level11',0,0,0,0,0,0,0,0,0,0,0,0
'level36','level12',0,0,0,0,0,0,0,0,0,0,0,0
'level36','level13',0,0,0,0,0,0,0,0,0,0,0,0
'level36','level14',0,0,0,0,0,0,0,0,0,0,0,0
'level36','level15',0,0,0,0,0,0,0,0,0,0,0,0
'level36','level16',0,0,0,0,0,0,0,0,0,0,0,0
'level36','level17',0,0,0,0,0,0,0,0,0,0,0,0
'level36','level18',0,0,0,0,0,0,0,0,0,0,0,0
'level36','level19',0,0,0,0,0,0,0,0,0,0,0,0
'level36','level20',0,0,0,0,0,0,0,0,0,0,0,0
'level36','level21',0,0,0,0,0,0,0,0,0,0,0,0
'level36','level22',0,0,0,0,0,0,0,0,0,0,0,0
'level36','level23',0,0,0,0,0,0,0,0,0,0,0,0
'level36','level24',0,0,0,0,0,0,0,0,0,0,0,0
'level36','level25',0,0,0,0,0,0,0,0,0,0,0,0
'level36','level26',0,0,0,0,0,0,0,0,0,0,0,0
'level36','level27',0,0,0,0,0,0,0,0,0,0,0,0
'level36','level28',0,0,0,0,0,0,0,0,0,0,0,0
'level36','level29',0,0,0,0,0,0,0,0,0,0,0,0
'level36','level30',0,0,0,0,0,0,0,0,0,0,0,0
'level36','level31',0,0,0,0,0,0,0,0,0,0,0,0
'level36','level32',0,0,0,0,0,0,0,0,0,0,0,0
'level36','level33',0,0,0,0,0,0,0,0,0,0,0,0
'level36','level34',0,0,0,0,0,0,0,0,0,0,0,0
'level36','level35',0,0,0,0,0,0,0,0,0,0,0,0
'level36','level36',0,0,0,0,0,0,0,0,0,0,0,0
'level36','level37',0,0,0,0,0,0,0,0,0,0,0,0
'level36','level38',0,0,0,0,0,0,0,0,0,0,0,0
'level36','level39',0,0,0,0,0,0,0,0,0,0,0,0
'level36','level0',0,0,0,0,0,0,0,0,0,0,0,0
'level36','level1',0,0,0,0,0,0,0,0,0,0,0,0
'level36','level2',0,0,0,0,0,0,0,0,0,0,0,0
'level36','level3',0,0,0,0,0,0,0,0,0,0,0,0
'level36','level4',0,0,0,0,0,0,0,0,0,0,0,0
'level36','level5',0,0,0,0,0,0,0,0,0,0,0,0
'level36','level6',0,0,0,0,0,0,0,0,0,0,0,0
'level36','level7',0,0,0,0,0,0,0,0,0,0,0,0
'level36','level8',0,0,0,0,0,0,0,0,0,0,0,0
'level36','level9',0,0,0,0,0,0,0,0,0,0,0,0
'level36','level10',0,0,0,0,0,0,0,0,0,0,0,0
'level37','b0',0,0,0,0,0,0,0,0,0,0,0,0
'level37','b1',0,0,0,0,0,0,0,0,0,0,0,0
'level37','b2',0,0,0,0,0,0,0,0,0,0,0,0
'level37','b3',0,0,0,0,0,0,0,0,0,0,0,0
'level37','b4',0,0,0,0,0,0,0,0,0,0,0,0
'level37','h0',0,0,0,0,0,0,0,0,0,0,0,0
'level37','h1',0,0,0,0,0,0,0,0,0,0,0,0
'level37','level11',0,0,0,0,0,0,0,0,0,0,0,0
'level37','level12',0,0,0,0,0,0,0,0,0,0,0,0
'level37','level13',0,0,0,0,0,0,0,0,0,0,0,0
'level37','level14',0,0,0,0,0,0,0,0,0,0,0,0
'level37','level15',0,0,0,0,0,0,0,0,0,0,0,0
'level37','level16',0,0,0,0,0,0,0,0,0,0,0,0
'level37','level17',0,0,0,0,0,0,0,0,0,0,0,0
'level37','level18',0,0,0,0,0,0,0,0,0,0,0,0
'level37','level19',0,0,0,0,0,0,0,0,0,0,0,0
'level37','level20',0,0,0,0,0,0,0,0,0,0,0,0
'level37','level21',0,0,0,0,0,0,0,0,0,0,0,0
'level37','level22',0,0,0,0,0,0,0,0,0,0,0,0
'level37','level23',0,0,0,0,0,0,0,0,0,0,0,0
'level37','level24',0,0,0,0,0,0,0,0,0,0,0,0
'level37','level25',0,0,0,0,0,0,0,0,0,0,0,0
'level37','level26',0,0,0,0,0,0,0,0,0,0,0,0
'level37','level27',0,0,0,0,0,0,0,0,0,0,0,0
'level37','level28',0,0,0,0,0,0,0,0,0,0,0,0
'level37','level29',0,0,0,0,0,0,0,0,0,0,0,0
'level37','level30',0,0,0,0,0,0,0,0,0,0,0,0
'level37','level31',0,0,0,0,0,0,0,0,0,0,0,0
'level37','level32',0,0,0,0,0,0,0,0,0,0,0,0
'level37','level33',0,0,0,0,0,0,0,0,0,0,0,0
'level37','level34',0,0,0,0,0,0,0,0,0,0,0,0
'level37','level35',0,0,0,0,0,0,0,0,0,0,0,0
'level37','level36',0,0,0,0,0,0,0,0,0,0,0,0
'level37','level37',0,0,0,0,0,0,0,0,0,0,0,0
'level37','level38',0,0,0,0,0,0,0,0,0,0,0,0
'level37','level39',0,0,0,0,0,0,0,0,0,0,0,0
'level37','level0',0,0,0,0,0,0,0,0,0,0,0,0
'level37','level1',0,0,0,0,0,0,0,0,0,0,0,0
'level37','level2',0,0,0,0,0,0,0,0,0,0,0,0
'level37','level3',0,0,0,0,0,0,0,0,0,0,0,0
'level37','level4',0,0,0,0,0,0,0,0,0,0,0,0
'level37','level5',0,0,0,0,0,0,0,0,0,0,0,0
'level37','level6',0,0,0,0,0,0,0,0,0,0,0,0
'level37','level7',0,0,0,0,0,0,0,0,0,0,0,0
'level37','level8',0,0,0,0,0,0,0,0,0,0,0,0
'level37','level9',0,0,0,0,0,0,0,0,0,0,0,0
'level37','level10',0,0,0,0,0,0,0,0,0,0,0,0
'level38','b0',0,0,0,0,0,0,0,0,0,0,0,0
'level38','b1',0,0,0,0,0,0,0,0,0,0,0,0
'level38','b2',0,0,0,0,0,0,0,0,0,0,0,0
'level38','b3',0,0,0,0,0,0,0,0,0,0,0,0
'level38','b4',0,0,0,0,0,0,0,0,0,0,0,0
'level38','h0',0,0,0,0,0,0,0,0,0,0,0,0
'level38','h1',0,0,0,0,0,0,0,0,0,0,0,0
'level38','level11',0,0,0,0,0,0,0,0,0,0,0,0
'level38','level12',0,0,0,0,0,0,0,0,0,0,0,0
'level38','level13',0,0,0,0,0,0,0,0,0,0,0,0
'level38','level14',0,0,0,0,0,0,0,0,0,0,0,0
'level38','level15',0,0,0,0,0,0,0,0,0,0,0,0
'level38','level16',0,0,0,0,0,0,0,0,0,0,0,0
'level38','level17',0,0,0,0,0,0,0,0,0,0,0,0
'level38','level18',0,0,0,0,0,0,0,0,0,0,0,0
'level38','level19',0,0,0,0,0,0,0,0,0,0,0,0
'level38','level20',0,0,0,0,0,0,0,0,0,0,0,0
'level38','level21',0,0,0,0,0,0,0,0,0,0,0,0
'level38','level22',0,0,0,0,0,0,0,0,0,0,0,0
'level38','level23',0,0,0,0,0,0,0,0,0,0,0,0
'level38','level24',0,0,0,0,0,0,0,0,0,0,0,0
'level38','level25',0,0,0,0,0,0,0,0,0,0,0,0
'level38','level26',0,0,0,0,0,0,0,0,0,0,0,0
'level38','level27',0,0,0,0,0,0,0,0,0,0,0,0
'level38','level28',0,0,0,0,0,0,0,0,0,0,0,0
'level38','level29',0,0,0,0,0,0,0,0,0,0,0,0
'level38','level30',0,0,0,0,0,0,0,0,0,0,0,0
'level38','level31',0,0,0,0,0,0,0,0,0,0,0,0
'level38','level32',0,0,0,0,0,0,0,0,0,0,0,0
'level38','level33',0,0,0,0,0,0,0,0,0,0,0,0
'level38','level34',0,0,0,0,0,0,0,0,0,0,0,0
'level38','level35',0,0,0,0,0,0,0,0,0,0,0,0
'level38','level36',0,0,0,0,0,0,0,0,0,0,0,0
'level38','level37',0,0,0,0,0,0,0,0,0,0,0,0
'level38','level38',0,0,0,0,0,0,0,0,0,0,0,0
'level38','level39',0,0,0,0,0,0,0,0,0,0,0,0
'level38','level0',0,0,0,0,0,0,0,0,0,0,0,0
'level38','level1',0,0,0,0,0,0,0,0,0,0,0,0
'level38','level2',0,0,0,0,0,0,0,0,0,0,0,0
'level38','level3',0,0,0,0,0,0,0,0,0,0,0,0
'level38','level4',0,0,0,0,0,0,0,0,0,0,0,0
'level38','level5',0,0,0,0,0,0,0,0,0,0,0,0
'level38','level6',0,0,0,0,0,0,0,0,0,0,0,0
'level38','level7',0,0,0,0,0,0,0,0,0,0,0,0
'level38','level8',0,0,0,0,0,0,0,0,0,0,0,0
'level38','level9',0,0,0,0,0,0,0,0,0,0,0,0
'level38','level10',0,0,0,0,0,0,0,0,0,0,0,0
'level39','b0',0,0,0,0,0,0,0,0,0,0,0,0
'level39','b1',0,0,0,0,0,0,0,0,0,0,0,0
'level39','b2',0,0,0,0,0,0,0,0,0,0,0,0
'level39','b3',0,0,0,0,0,0,0,0,0,0,0,0
'level39','b4',0,0,0,0,0,0,0,0,0,0,0,0
'level39','h0',0,0,0,0,0,0,0,0,0,0,0,0
'level39','h1',0,0,0,0,0,0,0,0,0,0,0,0
'level39','level11',0,0,0,0,0,0,0,0,0,0,0,0
'level39','level12',0,0,0,0,0,0,0,0,0,0,0,0
'level39','level13',0,0,0,0,0,0,0,0,0,0,0,0
'level39','level14',0,0,0,0,0,0,0,0,0,0,0,0
'level39','level15',0,0,0,0,0,0,0,0,0,0,0,0
'level39','level16',0,0,0,0,0,0,0,0,0,0,0,0
'level39','level17',0,0,0,0,0,0,0,0,0,0,0,0
'level39','level18',0,0,0,0,0,0,0,0,0,0,0,0
'level39','level19',0,0,0,0,0,0,0,0,0,0,0,0
'level39','level20',0,0,0,0,0,0,0,0,0,0,0,0
'level39','level21',0,0,0,0,0,0,0,0,0,0,0,0
'level39','level22',0,0,0,0,0,0,0,0,0,0,0,0
'level39','level23',0,0,0,0,0,0,0,0,0,0,0,0
'level39','level24',0,0,0,0,0,0,0,0,0,0,0,0
'level39','level25',0,0,0,0,0,0,0,0,0,0,0,0
'level39','level26',0,0,0,0,0,0,0,0,0,0,0,0
'level39','level27',0,0,0,0,0,0,0,0,0,0,0,0
'level39','level28',0,0,0,0,0,0,0,0,0,0,0,0
'level39','level29',0,0,0,0,0,0,0,0,0,0,0,0
'level39','level30',0,0,0,0,0,0,0,0,0,0,0,0
'level39','level31',0,0,0,0,0,0,0,0,0,0,0,0
'level39','level32',0,0,0,0,0,0,0,0,0,0,0,0
'level39','level33',0,0,0,0,0,0,0,0,0,0,0,0
'level39','level34',0,0,0,0,0,0,0,0,0,0,0,0
'level39','level35',0,0,0,0,0,0,0,0,0,0,0,0
'level39','level36',0,0,0,0,0,0,0,0,0,0,0,0
'level39','level37',0,0,0,0,0,0,0,0,0,0,0,0
'level39','level38',0,0,0,0,0,0,0,0,0,0,0,0
'level39','level39',0,0,0,0,0,0,0,0,0,0,0,0
'level39','level0',0,0,0,0,0,0,0,0,0,0,0,0
'level39','level1',0,0,0,0,0,0,0,0,0,0,0,0
'level39','level2',0,0,0,0,0,0,0,0,0,0,0,0
'level39','level3',0,0,0,0,0,0,0,0,0,0,0,0
'level39','level4',0,0,0,0,0,0,0,0,0,0,0,0
'level39','level5',0,0,0,0,0,0,0,0,0,0,0,0
'level39','level6',0,0,0,0,0,0,0,0,0,0,0,0
'level39','level7',0,0,0,0,0,0,0,0,0,0,0,0
'level39','level8',0,0,0,0,0,0,0,0,0,0,0,0
'level39','level9',0,0,0,0,0,0,0,0,0,0,0,0
'level39','level10',0,0,0,0,0,0,0,0,0,0,0,0
'level0','b0',0,0,0,0,0,0,0,0,0,0,0,0
'level0','b1',0,0,0,0,0,0,0,0,0,0,0,0
'level0','b2',0,0,0,0,0,0,0,0,0,0,0,0
'level0','b3',0,0,0,0,0,0,0,0,0,0,0,0
'level0','b4',0,0,0,0,0,0,0,0,0,0,0,0
'level0','h0',0,0,0,0,0,0,0,0,0,0,0,0
'level0','h1',0,0,0,0,0,0,0,0,0,0,0,0
'level0','level11',0,0,0,0,0,0,0,0,0,0,0,0
'level0','level12',0,0,0,0,0,0,0,0,0,0,0,0
'level0','level13',0,0,0,0,0,0,0,0,0,0,0,0
'level0','level14',0,0,0,0,0,0,0,0,0,0,0,0
'level0','level15',0,0,0,0,0,0,0,0,0,0,0,0
'level0','level16',0,0,0,0,0,0,0,0,0,0,0,0
'level0','level17',0,0,0,0,0,0,0,0,0,0,0,0
'level0','level18',0,0,0,0,0,0,0,0,0,0,0,0
'level0','level19',0,0,0,0,0,0,0,0,0,0,0,0
'level0','level20',0,0,0,0,0,0,0,0,0,0,0,0
'level0','level21',0,0,0,0,0,0,0,0,0,0,0,0
'level0','level22',0,0,0,0,0,0,0,0,0,0,0,0
'level0','level23',0,0,0,0,0,0,0,0,0,0,0,0
'level0','level24',0,0,0,0,0,0,0,0,0,0,0,0
'level0','level25',0,0,0,0,0,0,0,0,0,0,0,0
'level0','level26',0,0,0,0,0,0,0,0,0,0,0,0
'level0','level27',0,0,0,0,0,0,0,0,0,0,0,0
'level0','level28',0,0,0,0,0,0,0,0,0,0,0,0
'level0','level29',0,0,0,0,0,0,0,0,0,0,0,0
'level0','level30',0,0,0,0,0,0,0,0,0,0,0,0
'level0','level31',0,0,0,0,0,0,0,0,0,0,0,0
'level0','level32',0,0,0,0,0,0,0,0,0,0,0,0
'level0','level33',0,0,0,0,0,0,0,0,0,0,0,0
'level0','level34',0,0,0,0,0,0,0,0,0,0,0,0
'level0','level35',0,0,0,0,0,0,0,0,0,0,0,0
'level0','level36',0,0,0,0,0,0,0,0,0,0,0,0
'level0','level37',0,0,0,0,0,0,0,0,0,0,0,0
'level0','level38',0,0,0,0,0,0,0,0,0,0,0,0
'level0','level39',0,0,0,0,0,0,0,0,0,0,0,0
'level0','level0',0,0,0,0,0,0,0,0,0,0,0,0
'level0','level1',0,0,0,0,0,0,0,0,0,0,0,0
'level0','level2',0,0,0,0,0,0,0,0,0,0,0,0
'level0','level3',0,0,0,0,0,0,0,0,0,0,0,0
'level0','level4',0,0,0,0,0,0,0,0,0,0,0,0
'level0','level5',0,0,0,0,0,0,0,0,0,0,0,0
'level0','level6',0,0,0,0,0,0,0,0,0,0,0,0
'level0','level7',0,0,0,0,0,0,0,0,0,0,0,0
'level0','level8',0,0,0,0,0,0,0,0,0,0,0,0
'level0','level9',0,0,0,0,0,0,0,0,0,0,0,0
'level0','level10',0,0,0,0,0,0,0,0,0,0,0,0
'level1','b0',0,0,0,0,0,0,0,0,0,0,0,0
'level1','b1',0,0,0,0,0,0,0,0,0,0,0,0
'level1','b2',0,0,0,0,0,0,0,0,0,0,0,0
'level1','b3',0,0,0,0,0,0,0,0,0,0,0,0
'level1','b4',0,0,0,0,0,0,0,0,0,0,0,0
'level1','h0',0,0,0,0,0,0,0,0,0,0,0,0
'level1','h1',0,0,0,0,0,0,0,0,0,0,0,0
'level1','level11',0,0,0,0,0,0,0,0,0,0,0,0
'level1','level12',0,0,0,0,0,0,0,0,0,0,0,0
'level1','level13',0,0,0,0,0,0,0,0,0,0,0,0
'level1','level14',0,0,0,0,0,0,0,0,0,0,0,0
'level1','level15',0,0,0,0,0,0,0,0,0,0,0,0
'level1','level16',0,0,0,0,0,0,0,0,0,0,0,0
'level1','level17',0,0,0,0,0,0,0,0,0,0,0,0
'level1','level18',0,0,0,0,0,0,0,0,0,0,0,0
'level1','level19',0,0,0,0,0,0,0,0,0,0,0,0
'level1','level20',0,0,0,0,0,0,0,0,0,0,0,0
'level1','level21',0,0,0,0,0,0,0,0,0,0,0,0
'level1','level22',0,0,0,0,0,0,0,0,0,0,0,0
'level1','level23',0,0,0,0,0,0,0,0,0,0,0,0
'level1','level24',0,0,0,0,0,0,0,0,0,0,0,0
'level1','level25',0,0,0,0,0,0,0,0,0,0,0,0
'level1','level26',0,0,0,0,0,0,0,0,0,0,0,0
'level1','level27',0,0,0,0,0,0,0,0,0,0,0,0
'level1','level28',0,0,0,0,0,0,0,0,0,0,0,0
'level1','level29',0,0,0,0,0,0,0,0,0,0,0,0
'level1','level30',0,0,0,0,0,0,0,0,0,0,0,0
'level1','level31',0,0,0,0,0,0,0,0,0,0,0,0
'level1','level32',0,0,0,0,0,0,0,0,0,0,0,0
'level1','level33',0,0,0,0,0,0,0,0,0,0,0,0
'level1','level34',0,0,0,0,0,0,0,0,0,0,0,0
'level1','level35',0,0,0,0,0,0,0,0,0,0,0,0
'level1','level36',0,0,0,0,0,0,0,0,0,0,0,0
'level1','level37',0,0,0,0,0,0,0,0,0,0,0,0
'level1','level38',0,0,0,0,0,0,0,0,0,0,0,0
'level1','level39',0,0,0,0,0,0,0,0,0,0,0,0
'level1','level0',0,0,0,0,0,0,0,0,0,0,0,0
'level1','level1',0,0,0,0,0,0,0,0,0,0,0,0
'level1','level2',0,0,0,0,0,0,0,0,0,0,0,0
'level1','level3',0,0,0,0,0,0,0,0,0,0,0,0
'level1','level4',0,0,0,0,0,0,0,0,0,0,0,0
'level1','level5',0,0,0,0,0,0,0,0,0,0,0,0
'level1','level6',0,0,0,0,0,0,0,0,0,0,0,0
'level1','level7',0,0,0,0,0,0,0,0,0,0,0,0
'level1','level8',0,0,0,0,0,0,0,0,0,0,0,0
'level1','level9',0,0,0,0,0,0,0,0,0,0,0,0
'level1','level10',0,0,0,0,0,0,0,0,0,0,0,0
'level2','b0',0,0,0,0,0,0,0,0,0,0,0,0
'level2','b1',0,0,0,0,0,0,0,0,0,0,0,0
'level2','b2',0,0,0,0,0,0,0,0,0,0,0,0
'level2','b3',0,0,0,0,0,0,0,0,0,0,0,0
'level2','b4',0,0,0,0,0,0,0,0,0,0,0,0
'level2','h0',0,0,0,0,0,0,0,0,0,0,0,0
'level2','h1',0,0,0,0,0,0,0,0,0,0,0,0
'level2','level11',0,0,0,0,0,0,0,0,0,0,0,0
'level2','level12',0,0,0,0,0,0,0,0,0,0,0,0
'level2','level13',0,0,0,0,0,0,0,0,0,0,0,0
'level2','level14',0,0,0,0,0,0,0,0,0,0,0,0
'level2','level15',0,0,0,0,0,0,0,0,0,0,0,0
'level2','level16',0,0,0,0,0,0,0,0,0,0,0,0
'level2','level17',0,0,0,0,0,0,0,0,0,0,0,0
'level2','level18',0,0,0,0,0,0,0,0,0,0,0,0
'level2','level19',0,0,0,0,0,0,0,0,0,0,0,0
'level2','level20',0,0,0,0,0,0,0,0,0,0,0,0
'level2','level21',0,0,0,0,0,0,0,0,0,0,0,0
'level2','level22',0,0,0,0,0,0,0,0,0,0,0,0
'level2','level23',0,0,0,0,0,0,0,0,0,0,0,0
'level2','level24',0,0,0,0,0,0,0,0,0,0,0,0
'level2','level25',0,0,0,0,0,0,0,0,0,0,0,0
'level2','level26',0,0,0,0,0,0,0,0,0,0,0,0
'level2','level27',0,0,0,0,0,0,0,0,0,0,0,0
'level2','level28',0,0,0,0,0,0,0,0,0,0,0,0
'level2','level29',0,0,0,0,0,0,0,0,0,0,0,0
'level2','level30',0,0,0,0,0,0,0,0,0,0,0,0
'level2','level31',0,0,0,0,0,0,0,0,0,0,0,0
'level2','level32',0,0,0,0,0,0,0,0,0,0,0,0
'level2','level33',0,0,0,0,0,0,0,0,0,0,0,0
'level2','level34',0,0,0,0,0,0,0,0,0,0,0,0
'level2','level35',0,0,0,0,0,0,0,0,0,0,0,0
'level2','level36',0,0,0,0,0,0,0,0,0,0,0,0
'level2','level37',0,0,0,0,0,0,0,0,0,0,0,0
'level2','level38',0,0,0,0,0,0,0,0,0,0,0,0
'level2','level39',0,0,0,0,0,0,0,0,0,0,0,0
'level2','level0',0,0,0,0,0,0,0,0,0,0,0,0
'level2','level1',0,0,0,0,0,0,0,0,0,0,0,0
'level2','level2',0,0,0,0,0,0,0,0,0,0,0,0
'level2','level3',0,0,0,0,0,0,0,0,0,0,0,0
'level2','level4',0,0,0,0,0,0,0,0,0,0,0,0
'level2','level5',0,0,0,0,0,0,0,0,0,0,0,0
'level2','level6',0,0,0,0,0,0,0,0,0,0,0,0
'level2','level7',0,0,0,0,0,0,0,0,0,0,0,0
'level2','level8',0,0,0,0,0,0,0,0,0,0,0,0
'level2','level9',0,0,0,0,0,0,0,0,0,0,0,0
'level2','level10',0,0,0,0,0,0,0,0,0,0,0,0
'level3','b0',0,0,0,0,0,0,0,0,0,0,0,0
'level3','b1',0,0,0,0,0,0,0,0,0,0,0,0
'level3','b2',0,0,0,0,0,0,0,0,0,0,0,0
'level3','b3',0,0,0,0,0,0,0,0,0,0,0,0
'level3','b4',0,0,0,0,0,0,0,0,0,0,0,0
'level3','h0',0,0,0,0,0,0,0,0,0,0,0,0
'level3','h1',0,0,0,0,0,0,0,0,0,0,0,0
'level3','level11',0,0,0,0,0,0,0,0,0,0,0,0
'level3','level12',0,0,0,0,0,0,0,0,0,0,0,0
'level3','level13',0,0,0,0,0,0,0,0,0,0,0,0
'level3','level14',0,0,0,0,0,0,0,0,0,0,0,0
'level3','level15',0,0,0,0,0,0,0,0,0,0,0,0
'level3','level16',0,0,0,0,0,0,0,0,0,0,0,0
'level3','level17',0,0,0,0,0,0,0,0,0,0,0,0
'level3','level18',0,0,0,0,0,0,0,0,0,0,0,0
'level3','level19',0,0,0,0,0,0,0,0,0,0,0,0
'level3','level20',0,0,0,0,0,0,0,0,0,0,0,0
'level3','level21',0,0,0,0,0,0,0,0,0,0,0,0
'level3','level22',0,0,0,0,0,0,0,0,0,0,0,0
'level3','level23',0,0,0,0,0,0,0,0,0,0,0,0
'level3','level24',0,0,0,0,0,0,0,0,0,0,0,0
'level3','level25',0,0,0,0,0,0,0,0,0,0,0,0
'level3','level26',0,0,0,0,0,0,0,0,0,0,0,0
'level3','level27',0,0,0,0,0,0,0,0,0,0,0,0
'level3','level28',0,0,0,0,0,0,0,0,0,0,0,0
'level3','level29',0,0,0,0,0,0,0,0,0,0,0,0
'level3','level30',0,0,0,0,0,0,0,0,0,0,0,0
'level3','level31',0,0,0,0,0,0,0,0,0,0,0,0
'level3','level32',0,0,0,0,0,0,0,0,0,0,0,0
'level3','level33',0,0,0,0,0,0,0,0,0,0,0,0
'level3','level34',0,0,0,0,0,0,0,0,0,0,0,0
'level3','level35',0,0,0,0,0,0,0,0,0,0,0,0
'level3','level36',0,0,0,0,0,0,0,0,0,0,0,0
'level3','level37',0,0,0,0,0,0,0,0,0,0,0,0
'level3','level38',0,0,0,0,0,0,0,0,0,0,0,0
'level3','level39',0,0,0,0,0,0,0,0,0,0,0,0
'level3','level0',0,0,0,0,0,0,0,0,0,0,0,0
'level3','level1',0,0,0,0,0,0,0,0,0,0,0,0
'level3','level2',0,0,0,0,0,0,0,0,0,0,0,0
'level3','level3',0,0,0,0,0,0,0,0,0,0,0,0
'level3','level4',0,0,0,0,0,0,0,0,0,0,0,0
'level3','level5',0,0,0,0,0,0,0,0,0,0,0,0
'level3','level6',0,0,0,0,0,0,0,0,0,0,0,0
'level3','level7',0,0,0,0,0,0,0,0,0,0,0,0
'level3','level8',0,0,0,0,0,0,0,0,0,0,0,0
'level3','level9',0,0,0,0,0,0,0,0,0,0,0,0
'level3','level10',0,0,0,0,0,0,0,0,0,0,0,0
'level4','b0',0,0,0,0,0,0,0,0,0,0,0,0
'level4','b1',0,0,0,0,0,0,0,0,0,0,0,0
'level4','b2',0,0,0,0,0,0,0,0,0,0,0,0
'level4','b3',0,0,0,0,0,0,0,0,0,0,0,0
'level4','b4',0,0,0,0,0,0,0,0,0,0,0,0
'level4','h0',0,0,0,0,0,0,0,0,0,0,0,0
'level4','h1',0,0,0,0,0,0,0,0,0,0,0,0
'level4','level11',0,0,0,0,0,0,0,0,0,0,0,0
'level4','level12',0,0,0,0,0,0,0,0,0,0,0,0
'level4','level13',0,0,0,0,0,0,0,0,0,0,0,0
'level4','level14',0,0,0,0,0,0,0,0,0,0,0,0
'level4','level15',0,0,0,0,0,0,0,0,0,0,0,0
'level4','level16',0,0,0,0,0,0,0,0,0,0,0,0
'level4','level17',0,0,0,0,0,0,0,0,0,0,0,0
'level4','level18',0,0,0,0,0,0,0,0,0,0,0,0
'level4','level19',0,0,0,0,0,0,0,0,0,0,0,0
'level4','level20',0,0,0,0,0,0,0,0,0,0,0,0
'level4','level21',0,0,0,0,0,0,0,0,0,0,0,0
'level4','level22',0,0,0,0,0,0,0,0,0,0,0,0
'level4','level23',0,0,0,0,0,0,0,0,0,0,0,0
'level4','level24',0,0,0,0,0,0,0,0,0,0,0,0
'level4','level25',0,0,0,0,0,0,0,0,0,0,0,0
'level4','level26',0,0,0,0,0,0,0,0,0,0,0,0
'level4','level27',0,0,0,0,0,0,0,0,0,0,0,0
'level4','level28',0,0,0,0,0,0,0,0,0,0,0,0
'level4','level29',0,0,0,0,0,0,0,0,0,0,0,0
'level4','level30',0,0,0,0,0,0,0,0,0,0,0,0
'level4','level31',0,0,0,0,0,0,0,0,0,0,0,0
'level4','level32',0,0,0,0,0,0,0,0,0,0,0,0
'level4','level33',0,0,0,0,0,0,0,0,0,0,0,0
'level4','level34',0,0,0,0,0,0,0,0,0,0,0,0
'level4','level35',0,0,0,0,0,0,0,0,0,0,0,0
'level4','level36',0,0,0,0,0,0,0,0,0,0,0,0
'level4','level37',0,0,0,0,0,0,0,0,0,0,0,0
'level4','level38',0,0,0,0,0,0,0,0,0,0,0,0
'level4','level39',0,0,0,0,0,0,0,0,0,0,0,0
'level4','level0',0,0,0,0,0,0,0,0,0,0,0,0
'level4','level1',0,0,0,0,0,0,0,0,0,0,0,0
'level4','level2',0,0,0,0,0,0,0,0,0,0,0,0
'level4','level3',0,0,0,0,0,0,0,0,0,0,0,0
'level4','level4',0,0,0,0,0,0,0,0,0,0,0,0
'level4','level5',0,0,0,0,0,0,0,0,0,0,0,0
'level4','level6',0,0,0,0,0,0,0,0,0,0,0,0
'level4','level7',0,0,0,0,0,0,0,0,0,0,0,0
'level4','level8',0,0,0,0,0,0,0,0,0,0,0,0
'level4','level9',0,0,0,0,0,0,0,0,0,0,0,0
'level4','level10',0,0,0,0,0,0,0,0,0,0,0,0
'level5','b0',0,0,0,0,0,0,0,0,0,0,0,0
'level5','b1',0,0,0,0,0,0,0,0,0,0,0,0
'level5','b2',0,0,0,0,0,0,0,0,0,0,0,0
'level5','b3',0,0,0,0,0,0,0,0,0,0,0,0
'level5','b4',0,0,0,0,0,0,0,0,0,0,0,0
'level5','h0',0,0,0,0,0,0,0,0,0,0,0,0
'level5','h1',0,0,0,0,0,0,0,0,0,0,0,0
'level5','level11',0,0,0,0,0,0,0,0,0,0,0,0
'level5','level12',0,0,0,0,0,0,0,0,0,0,0,0
'level5','level13',0,0,0,0,0,0,0,0,0,0,0,0
'level5','level14',0,0,0,0,0,0,0,0,0,0,0,0
'level5','level15',0,0,0,0,0,0,0,0,0,0,0,0
'level5','level16',0,0,0,0,0,0,0,0,0,0,0,0
'level5','level17',0,0,0,0,0,0,0,0,0,0,0,0
'level5','level18',0,0,0,0,0,0,0,0,0,0,0,0
'level5','level19',0,0,0,0,0,0,0,0,0,0,0,0
'level5','level20',0,0,0,0,0,0,0,0,0,0,0,0
'level5','level21',0,0,0,0,0,0,0,0,0,0,0,0
'level5','level22',0,0,0,0,0,0,0,0,0,0,0,0
'level5','level23',0,0,0,0,0,0,0,0,0,0,0,0
'level5','level24',0,0,0,0,0,0,0,0,0,0,0,0
'level5','level25',0,0,0,0,0,0,0,0,0,0,0,0
'level5','level26',0,0,0,0,0,0,0,0,0,0,0,0
'level5','level27',0,0,0,0,0,0,0,0,0,0,0,0
'level5','level28',0,0,0,0,0,0,0,0,0,0,0,0
'level5','level29',0,0,0,0,0,0,0,0,0,0,0,0
'level5','level30',0,0,0,0,0,0,0,0,0,0,0,0
'level5','level31',0,0,0,0,0,0,0,0,0,0,0,0
'level5','level32',0,0,0,0,0,0,0,0,0,0,0,0
'level5','level33',0,0,0,0,0,0,0,0,0,0,0,0
'level5','level34',0,0,0,0,0,0,0,0,0,0,0,0
'level5','level35',0,0,0,0,0,0,0,0,0,0,0,0
'level5','level36',0,0,0,0,0,0,0,0,0,0,0,0
'level5','level37',0,0,0,0,0,0,0,0,0,0,0,0
'level5','level38',0,0,0,0,0,0,0,0,0,0,0,0
'level5','level39',0,0,0,0,0,0,0,0,0,0,0,0
'level5','level0',0,0,0,0,0,0,0,0,0,0,0,0
'level5','level1',0,0,0,0,0,0,0,0,0,0,0,0
'level5','level2',0,0,0,0,0,0,0,0,0,0,0,0
'level5','level3',0,0,0,0,0,0,0,0,0,0,0,0
'level5','level4',0,0,0,0,0,0,0,0,0,0,0,0
'level5','level5',0,0,0,0,0,0,0,0,0,0,0,0
'level5','level6',0,0,0,0,0,0,0,0,0,0,0,0
'level5','level7',0,0,0,0,0,0,0,0,0,0,0,0
'level5','level8',0,0,0,0,0,0,0,0,0,0,0,0
'level5','level9',0,0,0,0,0,0,0,0,0,0,0,0
'level5','level10',0,0,0,0,0,0,0,0,0,0,0,0
'level6','b0',0,0,0,0,0,0,0,0,0,0,0,0
'level6','b1',0,0,0,0,0,0,0,0,0,0,0,0
'level6','b2',0,0,0,0,0,0,0,0,0,0,0,0
'level6','b3',0,0,0,0,0,0,0,0,0,0,0,0
'level6','b4',0,0,0,0,0,0,0,0,0,0,0,0
'level6','h0',0,0,0,0,0,0,0,0,0,0,0,0
'level6','h1',0,0,0,0,0,0,0,0,0,0,0,0
'level6','level11',0,0,0,0,0,0,0,0,0,0,0,0
'level6','level12',0,0,0,0,0,0,0,0,0,0,0,0
'level6','level13',0,0,0,0,0,0,0,0,0,0,0,0
'level6','level14',0,0,0,0,0,0,0,0,0,0,0,0
'level6','level15',0,0,0,0,0,0,0,0,0,0,0,0
'level6','level16',0,0,0,0,0,0,0,0,0,0,0,0
'level6','level17',0,0,0,0,0,0,0,0,0,0,0,0
'level6','level18',0,0,0,0,0,0,0,0,0,0,0,0
'level6','level19',0,0,0,0,0,0,0,0,0,0,0,0
'level6','level20',0,0,0,0,0,0,0,0,0,0,0,0
'level6','level21',0,0,0,0,0,0,0,0,0,0,0,0
'level6','level22',0,0,0,0,0,0,0,0,0,0,0,0
'level6','level23',0,0,0,0,0,0,0,0,0,0,0,0
'level6','level24',0,0,0,0,0,0,0,0,0,0,0,0
'level6','level25',0,0,0,0,0,0,0,0,0,0,0,0
'level6','level26',0,0,0,0,0,0,0,0,0,0,0,0
'level6','level27',0,0,0,0,0,0,0,0,0,0,0,0
'level6','level28',0,0,0,0,0,0,0,0,0,0,0,0
'level6','level29',0,0,0,0,0,0,0,0,0,0,0,0
'level6','level30',0,0,0,0,0,0,0,0,0,0,0,0
'level6','level31',0,0,0,0,0,0,0,0,0,0,0,0
'level6','level32',0,0,0,0,0,0,0,0,0,0,0,0
'level6','level33',0,0,0,0,0,0,0,0,0,0,0,0
'level6','level34',0,0,0,0,0,0,0,0,0,0,0,0
'level6','level35',0,0,0,0,0,0,0,0,0,0,0,0
'level6','level36',0,0,0,0,0,0,0,0,0,0,0,0
'level6','level37',0,0,0,0,0,0,0,0,0,0,0,0
'level6','level38',0,0,0,0,0,0,0,0,0,0,0,0
'level6','level39',0,0,0,0,0,0,0,0,0,0,0,0
'level6','level0',0,0,0,0,0,0,0,0,0,0,0,0
'level6','level1',0,0,0,0,0,0,0,0,0,0,0,0
'level6','level2',0,0,0,0,0,0,0,0,0,0,0,0
'level6','level3',0,0,0,0,0,0,0,0,0,0,0,0
'level6','level4',0,0,0,0,0,0,0,0,0,0,0,0
'level6','level5',0,0,0,0,0,0,0,0,0,0,0,0
'level6','level6',0,0,0,0,0,0,0,0,0,0,0,0
'level6','level7',0,0,0,0,0,0,0,0,0,0,0,0
'level6','level8',0,0,0,0,0,0,0,0,0,0,0,0
'level6','level9',0,0,0,0,0,0,0,0,0,0,0,0
'level6','level10',0,0,0,0,0,0,0,0,0,0,0,0
'level7','b0',0,0,0,0,0,0,0,0,0,0,0,0
'level7','b1',0,0,0,0,0,0,0,0,0,0,0,0
'level7','b2',0,0,0,0,0,0,0,0,0,0,0,0
'level7','b3',0,0,0,0,0,0,0,0,0,0,0,0
'level7','b4',0,0,0,0,0,0,0,0,0,0,0,0
'level7','h0',0,0,0,0,0,0,0,0,0,0,0,0
'level7','h1',0,0,0,0,0,0,0,0,0,0,0,0
'level7','level11',0,0,0,0,0,0,0,0,0,0,0,0
'level7','level12',0,0,0,0,0,0,0,0,0,0,0,0
'level7','level13',0,0,0,0,0,0,0,0,0,0,0,0
'level7','level14',0,0,0,0,0,0,0,0,0,0,0,0
'level7','level15',0,0,0,0,0,0,0,0,0,0,0,0
'level7','level16',0,0,0,0,0,0,0,0,0,0,0,0
'level7','level17',0,0,0,0,0,0,0,0,0,0,0,0
'level7','level18',0,0,0,0,0,0,0,0,0,0,0,0
'level7','level19',0,0,0,0,0,0,0,0,0,0,0,0
'level7','level20',0,0,0,0,0,0,0,0,0,0,0,0
'level7','level21',0,0,0,0,0,0,0,0,0,0,0,0
'level7','level22',0,0,0,0,0,0,0,0,0,0,0,0
'level7','level23',0,0,0,0,0,0,0,0,0,0,0,0
'level7','level24',0,0,0,0,0,0,0,0,0,0,0,0
'level7','level25',0,0,0,0,0,0,0,0,0,0,0,0
'level7','level26',0,0,0,0,0,0,0,0,0,0,0,0
'level7','level27',0,0,0,0,0,0,0,0,0,0,0,0
'level7','level28',0,0,0,0,0,0,0,0,0,0,0,0
'level7','level29',0,0,0,0,0,0,0,0,0,0,0,0
'level7','level30',0,0,0,0,0,0,0,0,0,0,0,0
'level7','level31',0,0,0,0,0,0,0,0,0,0,0,0
'level7','level32',0,0,0,0,0,0,0,0,0,0,0,0
'level7','level33',0,0,0,0,0,0,0,0,0,0,0,0
'level7','level34',0,0,0,0,0,0,0,0,0,0,0,0
'level7','level35',0,0,0,0,0,0,0,0,0,0,0,0
'level7','level36',0,0,0,0,0,0,0,0,0,0,0,0
'level7','level37',0,0,0,0,0,0,0,0,0,0,0,0
'level7','level38',0,0,0,0,0,0,0,0,0,0,0,0
'level7','level39',0,0,0,0,0,0,0,0,0,0,0,0
'level7','level0',0,0,0,0,0,0,0,0,0,0,0,0
'level7','level1',0,0,0,0,0,0,0,0,0,0,0,0
'level7','level2',0,0,0,0,0,0,0,0,0,0,0,0
'level7','level3',0,0,0,0,0,0,0,0,0,0,0,0
'level7','level4',0,0,0,0,0,0,0,0,0,0,0,0
'level7','level5',0,0,0,0,0,0,0,0,0,0,0,0
'level7','level6',0,0,0,0,0,0,0,0,0,0,0,0
'level7','level7',0,0,0,0,0,0,0,0,0,0,0,0
'level7','level8',0,0,0,0,0,0,0,0,0,0,0,0
'level7','level9',0,0,0,0,0,0,0,0,0,0,0,0
'level7','level10',0,0,0,0,0,0,0,0,0,0,0,0
'level8','b0',0,0,0,0,0,0,0,0,0,0,0,0
'level8','b1',0,0,0,0,0,0,0,0,0,0,0,0
'level8','b2',0,0,0,0,0,0,0,0,0,0,0,0
'level8','b3',0,0,0,0,0,0,0,0,0,0,0,0
'level8','b4',0,0,0,0,0,0,0,0,0,0,0,0
'level8','h0',0,0,0,0,0,0,0,0,0,0,0,0
'level8','h1',0,0,0,0,0,0,0,0,0,0,0,0
'level8','level11',0,0,0,0,0,0,0,0,0,0,0,0
'level8','level12',0,0,0,0,0,0,0,0,0,0,0,0
'level8','level13',0,0,0,0,0,0,0,0,0,0,0,0
'level8','level14',0,0,0,0,0,0,0,0,0,0,0,0
'level8','level15',0,0,0,0,0,0,0,0,0,0,0,0
'level8','level16',0,0,0,0,0,0,0,0,0,0,0,0
'level8','level17',0,0,0,0,0,0,0,0,0,0,0,0
'level8','level18',0,0,0,0,0,0,0,0,0,0,0,0
'level8','level19',0,0,0,0,0,0,0,0,0,0,0,0
'level8','level20',0,0,0,0,0,0,0,0,0,0,0,0
'level8','level21',0,0,0,0,0,0,0,0,0,0,0,0
'level8','level22',0,0,0,0,0,0,0,0,0,0,0,0
'level8','level23',0,0,0,0,0,0,0,0,0,0,0,0
'level8','level24',0,0,0,0,0,0,0,0,0,0,0,0
'level8','level25',0,0,0,0,0,0,0,0,0,0,0,0
'level8','level26',0,0,0,0,0,0,0,0,0,0,0,0
'level8','level27',0,0,0,0,0,0,0,0,0,0,0,0
'level8','level28',0,0,0,0,0,0,0,0,0,0,0,0
'level8','level29',0,0,0,0,0,0,0,0,0,0,0,0
'level8','level30',0,0,0,0,0,0,0,0,0,0,0,0
'level8','level31',0,0,0,0,0,0,0,0,0,0,0,0
'level8','level32',0,0,0,0,0,0,0,0,0,0,0,0
'level8','level33',0,0,0,0,0,0,0,0,0,0,0,0
'level8','level34',0,0,0,0,0,0,0,0,0,0,0,0
'level8','level35',0,0,0,0,0,0,0,0,0,0,0,0
'level8','level36',0,0,0,0,0,0,0,0,0,0,0,0
'level8','level37',0,0,0,0,0,0,0,0,0,0,0,0
'level8','level38',0,0,0,0,0,0,0,0,0,0,0,0
'level8','level39',0,0,0,0,0,0,0,0,0,0,0,0
'level8','level0',0,0,0,0,0,0,0,0,0,0,0,0
'level8','level1',0,0,0,0,0,0,0,0,0,0,0,0
'level8','level2',0,0,0,0,0,0,0,0,0,0,0,0
'level8','level3',0,0,0,0,0,0,0,0,0,0,0,0
'level8','level4',0,0,0,0,0,0,0,0,0,0,0,0
'level8','level5',0,0,0,0,0,0,0,0,0,0,0,0
'level8','level6',0,0,0,0,0,0,0,0,0,0,0,0
'level8','level7',0,0,0,0,0,0,0,0,0,0,0,0
'level8','level8',0,0,0,0,0,0,0,0,0,0,0,0
'level8','level9',0,0,0,0,0,0,0,0,0,0,0,0
'level8','level10',0,0,0,0,0,0,0,0,0,0,0,0
'level9','b0',0,0,0,0,0,0,0,0,0,0,0,0
'level9','b1',0,0,0,0,0,0,0,0,0,0,0,0
'level9','b2',0,0,0,0,0,0,0,0,0,0,0,0
'level9','b3',0,0,0,0,0,0,0,0,0,0,0,0
'level9','b4',0,0,0,0,0,0,0,0,0,0,0,0
'level9','h0',0,0,0,0,0,0,0,0,0,0,0,0
'level9','h1',0,0,0,0,0,0,0,0,0,0,0,0
'level9','level11',0,0,0,0,0,0,0,0,0,0,0,0
'level9','level12',0,0,0,0,0,0,0,0,0,0,0,0
'level9','level13',0,0,0,0,0,0,0,0,0,0,0,0
'level9','level14',0,0,0,0,0,0,0,0,0,0,0,0
'level9','level15',0,0,0,0,0,0,0,0,0,0,0,0
'level9','level16',0,0,0,0,0,0,0,0,0,0,0,0
'level9','level17',0,0,0,0,0,0,0,0,0,0,0,0
'level9','level18',0,0,0,0,0,0,0,0,0,0,0,0
'level9','level19',0,0,0,0,0,0,0,0,0,0,0,0
'level9','level20',0,0,0,0,0,0,0,0,0,0,0,0
'level9','level21',0,0,0,0,0,0,0,0,0,0,0,0
'level9','level22',0,0,0,0,0,0,0,0,0,0,0,0
'level9','level23',0,0,0,0,0,0,0,0,0,0,0,0
'level9','level24',0,0,0,0,0,0,0,0,0,0,0,0
'level9','level25',0,0,0,0,0,0,0,0,0,0,0,0
'level9','level26',0,0,0,0,0,0,0,0,0,0,0,0
'level9','level27',0,0,0,0,0,0,0,0,0,0,0,0
'level9','level28',0,0,0,0,0,0,0,0,0,0,0,0
'level9','level29',0,0,0,0,0,0,0,0,0,0,0,0
'level9','level30',0,0,0,0,0,0,0,0,0,0,0,0
'level9','level31',0,0,0,0,0,0,0,0,0,0,0,0
'level9','level32',0,0,0,0,0,0,0,0,0,0,0,0
'level9','level33',0,0,0,0,0,0,0,0,0,0,0,0
'level9','level34',0,0,0,0,0,0,0,0,0,0,0,0
'level9','level35',0,0,0,0,0,0,0,0,0,0,0,0
'level9','level36',0,0,0,0,0,0,0,0,0,0,0,0
'level9','level37',0,0,0,0,0,0,0,0,0,0,0,0
'level9','level38',0,0,0,0,0,0,0,0,0,0,0,0
'level9','level39',0,0,0,0,0,0,0,0,0,0,0,0
'level9','level0',0,0,0,0,0,0,0,0,0,0,0,0
'level9','level1',0,0,0,0,0,0,0,0,0,0,0,0
'level9','level2',0,0,0,0,0,0,0,0,0,0,0,0
'level9','level3',0,0,0,0,0,0,0,0,0,0,0,0
'level9','level4',0,0,0,0,0,0,0,0,0,0,0,0
'level9','level5',0,0,0,0,0,0,0,0,0,0,0,0
'level9','level6',0,0,0,0,0,0,0,0,0,0,0,0
'level9','level7',0,0,0,0,0,0,0,0,0,0,0,0
'level9','level8',0,0,0,0,0,0,0,0,0,0,0,0
'level9','level9',0,0,0,0,0,0,0,0,0,0,0,0
'level9','level10',0,0,0,0,0,0,0,0,0,0,0,0
'level10','b0',0,0,0,0,0,0,0,0,0,0,0,0
'level10','b1',0,0,0,0,0,0,0,0,0,0,0,0
'level10','b2',0,0,0,0,0,0,0,0,0,0,0,0
'level10','b3',0,0,0,0,0,0,0,0,0,0,0,0
'level10','b4',0,0,0,0,0,0,0,0,0,0,0,0
'level10','h0',0,0,0,0,0,0,0,0,0,0,0,0
'level10','h1',0,0,0,0,0,0,0,0,0,0,0,0
'level10','level11',0,0,0,0,0,0,0,0,0,0,0,0
'level10','level12',0,0,0,0,0,0,0,0,0,0,0,0
'level10','level13',0,0,0,0,0,0,0,0,0,0,0,0
'level10','level14',0,0,0,0,0,0,0,0,0,0,0,0
'level10','level15',0,0,0,0,0,0,0,0,0,0,0,0
'level10','level16',0,0,0,0,0,0,0,0,0,0,0,0
'level10','level17',0,0,0,0,0,0,0,0,0,0,0,0
'level10','level18',0,0,0,0,0,0,0,0,0,0,0,0
'level10','level19',0,0,0,0,0,0,0,0,0,0,0,0
'level10','level20',0,0,0,0,0,0,0,0,0,0,0,0
'level10','level21',0,0,0,0,0,0,0,0,0,0,0,0
'level10','level22',0,0,0,0,0,0,0,0,0,0,0,0
'level10','level23',0,0,0,0,0,0,0,0,0,0,0,0
'level10','level24',0,0,0,0,0,0,0,0,0,0,0,0
'level10','level25',0,0,0,0,0,0,0,0,0,0,0,0
'level10','level26',0,0,0,0,0,0,0,0,0,0,0,0
'level10','level27',0,0,0,0,0,0,0,0,0,0,0,0
'level10','level28',0,0,0,0,0,0,0,0,0,0,0,0
'level10','level29',0,0,0,0,0,0,0,0,0,0,0,0
'level10','level30',0,0,0,0,0,0,0,0,0,0,0,0
'level10','level31',0,0,0,0,0,0,0,0,0,0,0,0
'level10','level32',0,0,0,0,0,0,0,0,0,0,0,0
'level10','level33',0,0,0,0,0,0,0,0,0,0,0,0
'level10','level34',0,0,0,0,0,0,0,0,0,0,0,0
'level10','level35',0,0,0,0,0,0,0,0,0,0,0,0
'level10','level36',0,0,0,0,0,0,0,0,0,0,0,0
'level10','level37',0,0,0,0,0,0,0,0,0,0,0,0
'level10','level38',0,0,0,0,0,0,0,0,0,0,0,0
'level10','level39',0,0,0,0,0,0,0,0,0,0,0,0
'level10','level0',0,0,0,0,0,0,0,0,0,0,0,0
'level10','level1',0,0,0,0,0,0,0,0,0,0,0,0
'level10','level2',0,0,0,0,0,0,0,0,0,0,0,0
'level10','level3',0,0,0,0,0,0,0,0,0,0,0,0
'level10','level4',0,0,0,0,0,0,0,0,0,0,0,0
'level10','level5',0,0,0,0,0,0,0,0,0,0,0,0
'level10','level6',0,0,0,0,0,0,0,0,0,0,0,0
'level10','level7',0,0,0,0,0,0,0,0,0,0,0,0
'level10','level8',0,0,0,0,0,0,0,0,0,0,0,0
'level10','level9',0,0,0,0,0,0,0,0,0,0,0,0
'level10','level10',0,0,0,0,0,0,0,0,0,0,0,0
